country,year,gdpagri,gdpming,gdpmanu,gdpcons,gdptrad,gdptrns,gdpserv,gdptotl
Algeria,1970,675602896,1370034427,547097116,372976994,941136707,273739565,902812410,4536302999
Algeria,1971,731813059,1189976052,566309713,444281676,1067537592,296010620,1032158509,4761777508
Algeria,1972,867087049,1976913855,725489648,637952802,1259320539,353218036,1280110658,6374602940
Algeria,1973,945772799,2982715382,967110689,836852615,1448679018,477167005,1484523084,8175709903
Algeria,1974,1123784748,6281779161,998364988,1068421338,1278341386,643704314,1748066121,12144097068
Algeria,1975,1727719948,5923032963,1164906581,1387662368,1517419275,764046338,2442064953,13761945846
Algeria,1976,1486276809,6015965201,1212960942,1441140790,1612820661,705938498,2094690769,13356832729
Algeria,1977,1773702861,8441019868,1616320357,1998768369,2381308999,1063915748,2997940739,18656656584
Algeria,1978,2333997965,9562217039,2145154754,2785864193,3598085443,1284573773,4180264676,23745003090
Algeria,1979,2794036061,13431346157,2961091715,3463310223,4264502610,1580104571,5454291629,30987591251
Algeria,1980,3367679059,18459159082,3855728185,4306714095,4944846188,2003856728,6419549375,39501804527
Algeria,1981,3765968910,18679328133,4030444737,4654863806,5253917286,1919455027,6613152632,40886685794
Algeria,1982,3507497329,18146280919,4308897483,5308293245,5654402492,1933978511,7241139790,41791592286
Algeria,1983,3468008688,19024515540,4895678549,5956836787,6028817241,2330897094,7949172377,44758247727
Algeria,1984,3669701759,20334311588,6024070033,6760117391,7006617002,2686913989,8185918435,48643580164
Algeria,1985,4790186563,21244918255,6515573412,7363598393,7988305024,2900950714,9059826800,53347785748
Algeria,1986,5588351841,18683429090,8408833944,9424333396,9349561741,3454616342,11417925915,57918218324
Algeria,1987,6554452213,19153968682,7922751899,8783931790,8846533063,3395273631,12398680449,59132839828
Algeria,1988,6557367718,17492710335,7234909238,7051520770,8403881810,3103588195,11485828560,54094897387
Algeria,1989,6786200189,16746352518,5712501383,6591669250,8074157719,2799649956,11673026099,52671055730
Algeria,1990,7002550002,21963618975,6831844049,6384063277,7982130447,3039606438,12370527146,58742496286
Algeria,1991,4726232381,18525091519,4926439442,4250967973,6127286630,2259680748,7603672953,43492932205
Algeria,1992,5880910374,17750442788,5209864868,4677992725,6495443893,2607794670,10103372515,47515956966
Algeria,1993,5615751393,16772378635,5016061689,5204278586,7857134494,2783716768,10861451403,49094711279
Algeria,1994,4153486217,14451930001,4129326599,4329363675,6923370773,2133434067,8531140605,40522725337
Algeria,1995,4123977241,15136272103,3574722050,4010702143,6510957759,2094026233,8092487085,39968422565
Algeria,1996,5074838597,18116499073,3345508101,3976077464,6437805790,2719431977,8707767823,45032420723
Algeria,1997,4205755419,18976456205,3257332038,4222183136,6664038463,3155299975,8291439479,45515172677
Algeria,1998,5530333006,15841496451,3672366792,4518500286,7135945408,3515043607,9015958318,45557277077
Algeria,1999,5402509618,17991396775,3389437674,4074541252,6829015135,3587833816,8543110943,46428407540
Algeria,2000,4599680551,25909851154,3168478077,3880505028,6398981306,3666366780,8076038832,52531423652
Algeria,2001,5337290537,23246396629,3318590052,4150837448,6815098854,4367323823,8867316134,52784263425
Algeria,2002,5236132673,23129004203,3338424410,4642698028,7086339558,4572305630,9101954145,53768434237
Algeria,2003,6590001483,29248720605,3597662510,5181395821,7901559500,5328989382,10243042265,64493709055
Algeria,2004,8033510661,37433745047,4326625810,7049617232,8648596708,5651346955,12141671838,78958488440
Algeria,2005,7911151820,51259405467,4532869562,7702353091,9892101043,6505532944,12940634396,96211178761
Algeria,2006,8805640639,59303518838,4823498997,9281918841,11205627711,7416060389,14157539747,110170306165
Algeria,2007,10162730689,65707061669,5513747546,11907510780,13187457965,8672503523,17005772705,126643037332
Algeria,2008,12902723775,84629815411,7154912942,13755520673,16430718211,10828144399,21147890665,159694813135
Algeria,2009,10617419478,69926567835,5821394737,11651388926,13603269600,8970953085,17413998732,132183597656
Bahrain,1970,3499378,149331145,40379321,34213887,58204681,19834421,112067051,377150564
Bahrain,1971,3783732,159627916,42946334,38230933,63096917,21534857,121727106,408001459
Bahrain,1972,4819379,206121372,55862416,44166863,78090014,26826435,151348423,511372486
Bahrain,1973,6716107,289256715,78426106,67642560,114365050,38604780,218347376,734932588
Bahrain,1974,9420753,383872456,101654444,104321166,158299823,54272744,307165226,1017352163
Bahrain,1975,10120483,450024947,124429100,64981037,150021745,52638296,295156800,1022943307
Bahrain,1976,13008786,573114975,155594876,169868912,256851687,82556848,470324164,1565725375
Bahrain,1977,19269799,662940699,161228609,266144320,311939245,111691715,633254421,2005240200
Bahrain,1978,21891171,742102078,182158508,279001343,327657458,133230130,843820160,2347702340
Bahrain,1979,25971883,942689994,277517276,317857541,342245891,171771518,924856959,2725393788
Bahrain,1980,28817852,1526105108,384443859,214853978,437248086,207541789,1142050366,3556617181
Bahrain,1981,33456806,1644604547,415007368,279521277,452992557,257904695,1583909020,4252388908
Bahrain,1982,36751795,1509802246,348950833,354521278,514234041,326034349,2048518553,4789862257
Bahrain,1983,41060625,1368125485,343001642,364893618,574503438,377285961,2146393035,4872262159
Bahrain,1984,41567548,1421403323,375004187,416755320,459797165,375227663,2326743957,5041494976
Bahrain,1985,41567548,1421244261,284740596,355585106,387214668,341471580,2164153234,4711236396
Bahrain,1986,41567548,979758309,336847306,273404255,353191622,304422223,1926407138,3878751090
Bahrain,1987,40553705,1029746370,391620891,230851064,381706176,287955840,1746749699,3717562856
Bahrain,1988,38779479,1043872745,483935928,239627660,439059309,303187245,2114335082,4178861519
Bahrain,1989,40046782,1175416574,476345580,232978723,444243774,313890391,2140105622,4346681867
Bahrain,1990,36244872,1459588846,516759051,250265957,479238907,288573330,2143266090,4657178003
Bahrain,1991,37258715,1399876176,544658705,243882979,546312912,396839787,2174080848,4798251418
Bahrain,1992,42074468,1369760638,516143617,268882979,651622340,390664894,2462819149,5185824468
Bahrain,1993,47154257,1536223449,639654274,278377668,669441509,413085118,2752978803,5697260802
Bahrain,1994,46595749,1712983476,836467437,292260666,801994756,447659616,2880378502,6181872764
Bahrain,1995,50638302,2047633635,1056862281,283457469,773138358,432925565,2879510622,6467303951
Bahrain,1996,57074473,2132304325,932118051,262765980,770558577,441808549,3100631053,6765142957
Bahrain,1997,54627665,2258610630,965699327,249122364,737922489,448537276,3343802003,7092622426
Bahrain,1998,55744686,1773925948,814316985,251196834,771013266,512553243,3527757001,6892190977
Bahrain,1999,56914897,2166166599,839382576,280930867,702712805,521941518,3613795158,7342461843
Bahrain,2000,58723404,3289421625,939262051,284601064,805300915,561090426,3931047763,8930185197
Bahrain,2001,57614096,3059384096,977519428,317606383,846432335,596196809,3806846574,8684080293
Bahrain,2002,55797872,3221968085,1019734043,357260638,944095745,661914894,4004574468,9245611702
Bahrain,2003,59255319,3671170213,1117978723,369813830,1013519832,698484043,4758989362,10571232598
Bahrain,2004,52047872,3953670213,1215505319,460345745,1336462766,783882979,5652952128,12239361702
Bahrain,2005,52359245,5183959809,1627682218,616945745,1599720896,838582646,6527095774,14818664117
Bahrain,2006,52527880,6527336747,2194918729,756506785,1850967213,983820285,7340692037,17511850941
Bahrain,2007,67362896,7670017737,2826664620,951083497,2057560508,1100854184,8442752362,20289631181
Bahrain,2008,72196505,10244003931,3582508045,1141624415,2178657426,1272882992,9195341553,24104706824
Bahrain,2009,84253322,7724634766,2847866359,863600532,1949742987,1371554641,9005926112,20999712359
Canada,1970,3364867001,21730954210,16399420062,5544948637,10860213519,6640731548,27387873677,75529588591
Canada,1971,3549246960,24287187969,18618691988,6497379827,12182710964,7319331551,31486692823,85322550094
Canada,1972,3828540646,27751363752,21317597163,7165128971,14044380105,8390464011,35845848235,97025725720
Canada,1973,5918506797,33270227514,24767936030,8777268570,15854678793,9345221241,40142654819,113308557733
Canada,1974,7436351870,41430080817,29833339044,11163218716,19437987819,11123342774,48372584488,138963566483
Canada,1975,7579940852,42950048768,30380717537,12950786102,22172555906,12212454639,55762213383,153627999649
Canada,1976,7975457019,50000760676,34999112631,15536117253,26083517176,14379959954,67156512321,181132324400
Canada,1977,7159716023,52512106851,35569138202,15638723033,24752456641,14925948572,70436785971,185425737090
Canada,1978,8029456248,55617068873,37675060841,14548403366,25311328833,15762596717,73116356586,192385210624
Canada,1979,9327955272,65824956812,42954521221,15291631993,28625818993,17728834547,79128412011,215927609628
Canada,1980,9898079917,74244579747,46128319556,18090744526,32592761554,19800436201,90408393135,245034995079
Canada,1981,11909167375,79130319993,50739492209,21839034135,37942016719,22428737268,109108425094,282357700585
Canada,1982,11228520486,76955852198,46645412324,21484383455,38053604257,23128985206,118736355841,289587701443
Canada,1983,10958144576,87717898509,52836838233,21164108476,41257150618,25204138231,129312597306,315614037716
Canada,1984,11448831466,96468392900,58591578312,19805158041,43546020808,26407134775,130722227976,328397765965
Canada,1985,11640566836,97803464005,60153791716,20052240361,45504033995,26783190332,133970877264,335754372791
Canada,1986,12175602737,91638718980,63055055787,21194674347,48855703499,27473911484,143773299774,345111910821
Canada,1987,12170513892,104959935646,72288538767,25476027376,56200956517,30414972442,163612642111,392835047983
Canada,1988,13840809832,123675119342,87141686698,30714019704,66952500254,34056810103,193002674612,462241933846
Canada,1989,15190140696,131915624406,93468563264,35797549251,75193096798,37194518543,217945790722,513236720416
Canada,1990,15490561591,132571404084,91673201774,36845150093,78676694307,38757258255,238809539114,541150607444
Canada,1991,15228023217,127443376053,87578371616,34896062145,77958192107,40627845744,259028264696,555181763961
Canada,1992,14662557654,121686074169,82658172868,31998179900,73187863244,39683137190,255791846781,537009658938
Canada,1993,14626290866,121348837179,83022358534,29218475165,70190538141,37907122911,248257819802,521549084064
Canada,1994,14371301333,128533298836,89622557461,28284941230,70059544804,38421592833,243271583618,522942262654
Canada,1995,15895038584,141021015478,100389755721,27052532319,73427573381,40046170782,249514581381,546956911925
Canada,1996,17084371841,147644059696,102156387937,28211876330,75756068164,41175140359,259130330615,569001847005
Canada,1997,14752097452,150990526861,106209179436,31051915693,80168036881,43706681753,269210972953,589880231592
Canada,1998,14700736570,141482455720,104354467421,29766834440,79251045288,42536953369,262909137667,570647163054
Canada,1999,15205302887,159925244464,117824775447,31112616792,84108727574,44703227030,277229737537,612284856283
Canada,2000,15325464107,190148204510,129470544269,33430520298,89598750261,47264512393,297535536088,673302987657
Canada,2001,14915149907,177485118479,119509737086,35002176471,90393556569,47720731574,300934133902,666450866903
Canada,2002,14842112977,174073031709,120164912366,36815347640,94040193672,48882370371,312384676574,681037732943
Canada,2003,16918719391,208071555772,132987957855,43668625116,111560482542,56593202011,368869337438,805681922270
Canada,2004,20012772038,239708228741,148206886524,52242120440,128419322544,65203497514,417769402577,923355343855
Canada,2005,19450992906,279335073681,157988771185,62647546688,146731622512,75763969312,472834904506,1056764109603
Canada,2006,19508740586,302845649101,167769879727,77165752302,167976162840,86469649642,539175572788,1193141527259
Canada,2007,20733446169,329972814738,180780163634,87475252678,191485741685,96300610179,608058463211,1334026328660
Canada,2008,22821873864,330012901110,176836628060,94314384975,204543343201,101936548366,651915722001,1405544773518
Canada,2009,18878133337,269671543499,140322581755,80483956075,179845724540,90449087248,603959778438,1243288223137
Colombia,1970,1920110180,1905366133,1674194238,352142962,1158357501,538334992,3272288792,9146600561
Colombia,1971,1992041719,2107255270,1836016383,391007200,1260979961,581144183,3733927138,10066355470
Colombia,1972,2257572657,2439185736,2144359666,475237487,1379356832,605428751,3997002154,11153783616
Colombia,1973,2678589080,3070108784,2661010818,549529335,1648151993,665069202,4506296145,13117744540
Colombia,1974,3252595620,3661746088,3290744115,647862933,2121471207,761856851,5332479700,15778012399
Colombia,1975,3365524885,3858901367,3475672068,587957462,2234730957,909534428,5858788558,16815437656
Colombia,1976,3897294648,4749656358,4252186209,711349607,2463105945,1073159720,6650933754,19545500033
Colombia,1977,5223337107,5877423084,5317665354,988985341,3143868235,1349911909,8147785446,24731311123
Colombia,1978,5764321421,6813063043,6172217451,1229326992,3953807216,1566101004,10391776663,29718396339
Colombia,1979,6431155993,8045907445,7176124969,1526355396,4755062430,2022280325,13077385133,35858146722
Colombia,1980,6945239998,10176549722,8876908919,2060458602,5581701530,2467425778,15332685327,42564060958
Colombia,1981,7522952207,10505104931,8877591875,2431430780,6203813073,2581267510,17596901683,46841470184
Colombia,1982,7853522739,11369020158,9457958427,2614677753,6686941527,2685431950,19165613608,50375207735
Colombia,1983,7784250071,11383378098,9296268278,2800312317,6597852091,2665100685,19110077784,50340971046
Colombia,1984,7142230145,11927103405,9675874344,2834463049,6668783003,2609742115,17761176558,48943498275
Colombia,1985,6364262337,10906468331,8534144883,3121537317,6163714765,2354614442,15126887472,44037484664
Colombia,1986,6551553153,11649579360,8983467102,2988848498,5958002674,2244550334,14121872607,43514406625
Colombia,1987,7050667360,11876987344,8451855563,2650232078,6423105830,2431591365,14613451054,45046035032
Colombia,1988,7048311345,13033160523,9487552032,3369155417,7073691188,2679818964,15668831956,48872969393
Colombia,1989,6813416078,13718039024,9443150046,3035370532,7075621272,2746630706,15832586130,49221663742
Colombia,1990,7016513029,14247519308,9187378208,2588743752,7158425824,3036006357,16115376837,50162585106
Colombia,1991,7534999006,14397921571,9632332000,2692043466,7470112394,3287067158,16839627733,52221771328
Colombia,1992,7332903595,14223626327,9780751061,3127951886,8540097912,3772311448,18683893926,55680785095
Colombia,1993,7564524064,15527085230,10641733864,4838399081,9933061271,4208655680,22087911861,64159637186
Colombia,1994,9893013339,19084559840,13304419132,6813190167,12971131184,5639883107,30255216008,84656993645
Colombia,1995,10820395918,22205137067,15154286608,7921760442,14678999706,6436795493,36458928450,98522017076
Colombia,1996,10350981178,23527183416,15535333433,7298689274,15108387282,6499665851,42147871053,104932778055
Colombia,1997,11221190885,24334227284,16323820519,7746831632,15968307708,7248514986,47943148816,114462221311
Colombia,1998,10880360904,22341034892,15362441805,6505459148,15039391932,7060530596,44068430363,105895207834
Colombia,1999,9362375861,21517217233,13264681162,4138187008,12464782099,6082613362,38265583970,91830759532
Colombia,2000,9043381512,22673624645,13619406427,3495970865,11671243912,5763438315,34651797921,87299457170
Colombia,2001,9126957901,21852145362,13929007294,3437276498,11760411843,6284037071,33830899856,86291728529
Colombia,2002,9382813753,21525837521,13696169206,3659518309,11787955353,6362486636,33545260181,86263871752
Colombia,2003,8851936211,22564828429,13870057826,3982171289,11621798144,6200472523,31572032174,84793238771
Colombia,2004,10333391415,28696832055,17730264108,6211453951,14172432527,7600285680,38069725255,105084120883
Colombia,2005,12783574242,36996726808,22622041905,8424714784,18034019587,9728758404,47451810693,133419604517
Colombia,2006,14041564380,42370756120,25792133580,10831837764,20244178657,10924262633,51964954975,150377554528
Colombia,2007,16973340980,53237283161,33564549872,14282427269,25440575797,14072298935,66356618723,190362544865
Colombia,2008,20011836501,62245280518,36425787287,18776304140,29433028478,15060001165,77733062918,223259513720
Colombia,2009,19583489618,55224839372,32505279111,20314444850,27206348229,14907327035,74949786034,212186235138
Indonesia,1970,4319589826,1465991256,988775318,275610075,1665284368,276075825,1427794982,9430346332
Indonesia,1971,4179760552,1700416917,959241573,326636475,1702961943,431351965,1553499590,9894627442
Indonesia,1972,4404840526,2478323743,1321804094,419279299,2088858575,457601685,1784325792,11633229620
Indonesia,1973,6498158860,3870451300,1917796119,631328599,3036858110,646173808,2489216480,17172187158
Indonesia,1974,8385262558,8162981428,2625905455,978318363,4821487608,1111318379,3524601555,26983969891
Indonesia,1975,9598571925,9131344904,3316312057,1421694174,5715160522,1309947681,4807400721,31984119927
Indonesia,1976,11538428205,11162303812,4287011939,1959046378,6932076831,1666977568,5919676300,39178509094
Indonesia,1977,14161670195,13790792157,5360977765,2465073118,8037623567,2064236174,7735396926,48254792136
Indonesia,1978,15096135568,16271798676,6703253590,2809680728,8797980545,2435999132,9010884718,54422479368
Indonesia,1979,14367851902,17347336755,6506832423,2872953293,8639277737,2381426523,8686484039,54295330250
Indonesia,1980,17918418974,28322424997,10326787419,4025577892,11490428558,3270118524,11306324349,76333293294
Indonesia,1981,21576274488,33950701047,13696904672,5540136682,15668410378,3914378672,17062432766,97712334032
Indonesia,1982,22660733221,31693322411,13850870341,5698369288,16952942801,4991406996,18807264758,100804039475
Indonesia,1983,19442134682,30450885045,13326204310,5055759164,14156910044,4702684935,17518686904,91327060774
Indonesia,1984,19806186273,31621946443,15650031928,4636725772,14761974686,5137096024,18351759425,94315688624
Indonesia,1985,20172171571,28965539285,17092401045,4774106950,15648792014,5731183460,19381388414,94673181693
Indonesia,1986,19296772932,25243977233,16406238501,4143297592,15048998390,5212443455,18194007689,87139497290
Indonesia,1987,17625404598,26035050550,15753817187,3702915697,14433773424,4724442822,15962159351,82483746442
Indonesia,1988,19864870785,32009695128,21416190319,4282505705,16948908279,6118087732,17712227477,96936295105
Indonesia,1989,21865728762,37339212976,24516324400,5079517756,19370054002,6446664098,20784793047,110885970642
Indonesia,1990,22101895894,42669012047,28948990359,6400573189,21914094220,7565792838,25250875786,125902243974
Indonesia,1991,23284739519,49682510991,33512149997,7056323850,24264886037,9077989201,28052682763,141419132360
Indonesia,1992,25857084802,52443826897,37407770549,8314653404,26179955818,10132997723,30886769103,153815287747
Indonesia,1993,28112834732,58393447375,43153022214,10786773942,29867313168,11623168634,36055799634,174839337485
Indonesia,1994,30428554578,66484054565,50570394695,12966376815,33315600626,13208820217,40014355077,196417761879
Indonesia,1995,34472322219,78110501077,59729173596,15321559095,37920020876,14289952519,44251204967,224365560752
Indonesia,1996,37722558238,91638817005,71316905482,17941888769,41935959389,15558629636,47774942273,252572795309
Indonesia,1997,34548464713,90384880510,70779242412,16113139186,38584350098,13818921678,47279928660,240729684845
Indonesia,1998,17174813086,41281751836,29211688197,6167830136,16519165105,5411902565,18836152764,105391615494
Indonesia,1999,27323643943,58819521267,44561248599,8607900958,25233740779,7331118431,27295366875,154611292253
Indonesia,2000,25746532055,66694242010,45785823060,9092311300,26651412559,7719524685,29116997308,165021019916
Indonesia,2001,24532762880,65394747998,46615182953,9140626751,25824722123,7522534683,28031547094,160446941530
Indonesia,2002,30242187046,75126044554,56190401694,11870381790,33528135944,10521757419,34372098809,195660605562
Indonesia,2003,35651013936,88098991893,66329888774,14612935946,39069044047,13864352503,43476110900,234772449225
Indonesia,2004,36819568513,97699916656,72083388803,16920252605,41230795908,15918378762,48247951358,256836863802
Indonesia,2005,37524883455,112941615310,78349463192,20104667048,44475186958,18607903868,52214362567,285868619206
Indonesia,2006,47298659471,143724138809,100393875817,27418235349,54757622021,25277376951,66094483031,364570515632
Indonesia,2007,59285800241,168907920359,116907767203,33365802429,64796422711,28909670714,76951121322,432216737775
Indonesia,2008,73829061614,202306638468,142356783006,43266730849,71295739106,32187999490,87617577653,510503747179
Indonesia,2009,82604154260,203972372307,142532657198,53415355001,72243456710,33918125109,94123289962,540276753349
Kuwait,1970,5599998,1873199254,120399952,78399969,237999905,81199968,576799770,2853198864
Kuwait,1971,8424654,2726779651,151643771,92671193,263972489,89862975,676780531,3858491494
Kuwait,1972,9119960,3009586922,197599141,115519498,337438534,106399538,845116328,4423180779
Kuwait,1973,13487436,3661838759,263004994,148361791,394507491,141618074,1011557668,5371371218
Kuwait,1974,17056032,10929505466,576493890,214906006,501447348,170560323,1122286922,12955762098
Kuwait,1975,20687349,9195526507,672338834,255143968,761984011,206873487,1492937000,11933152322
Kuwait,1976,23940839,9483992304,786627562,420674740,1036296310,246248628,1795562914,13006715735
Kuwait,1977,27916780,9578945198,840993003,551356408,1294640681,268699009,2250790402,13972348478
Kuwait,1978,36356663,10299842522,1028893552,639877262,1457902171,323574297,2592230045,15349782961
Kuwait,1979,43420668,18120892252,2051626579,792427197,1570380838,416114738,3629244195,24572479889
Kuwait,1980,55494426,20133377844,1579741334,1028496700,2201278908,669632743,4376660417,28464941039
Kuwait,1981,86087743,15671556188,1488600553,943378182,2381760885,771202696,5118633710,24972619405
Kuwait,1982,79885798,9891945809,1090614812,910003442,2577185320,1014202309,7273080943,21746303621
Kuwait,1983,61754515,10899671824,1248813517,936610138,1880081888,936610138,6360715002,21075443504
Kuwait,1984,94574812,11913048614,1043700602,915349071,1905006923,901838384,6073053986,21802871790
Kuwait,1985,129674409,11358148253,1273469198,861171077,1888591396,901070895,6530270248,21668926277
Kuwait,1986,137648775,7605094842,2050966754,622860709,1923641637,905040698,6817055603,18011342264
Kuwait,1987,107656822,11067121337,2878025717,563404037,2120839400,907905868,7772822573,22539750039
Kuwait,1988,100347903,8884373233,2802573565,498155659,2354591857,1014230587,8034999915,20886699154
Kuwait,1989,159983979,12778294826,3397106616,456124536,2219352218,1007558676,7876658025,24497972260
Kuwait,1990,162937027,9297810750,2138981817,336274289,1400565079,679482068,6746286249,18623355463
Kuwait,1991,31660200,1509136200,545259000,671899800,1846845000,327155400,6968761800,11355458400
Kuwait,1992,51155663,7669939113,1783627459,716179286,2151948235,924212316,8621434450,20134869064
Kuwait,1993,69573607,11721496190,2100460312,718927268,2040825792,1070108329,8574118751,24195049937
Kuwait,1994,104422701,12025452932,2640883781,801696862,1977294362,1226124613,8983720720,25118712189
Kuwait,1995,113922800,13382578325,2978746152,817563623,2074065093,1212942753,9278006856,26879079450
Kuwait,1996,124244943,17871566332,3677583526,804252214,2093794489,1298226062,9697451428,31889535469
Kuwait,1997,118675254,16480366572,4015509076,776333952,2080113477,1315317397,10301671342,31072477994
Kuwait,1998,114846111,11523986890,3038499960,757984331,2191920058,1417529139,10926787114,26933053643
Kuwait,1999,128114721,15048552194,3334267731,788398281,2276500037,1599791512,11467910000,31309266746
Kuwait,2000,133658642,21483181695,2607973499,831291553,2268936944,1799501714,12501972959,39018543507
Kuwait,2001,156514084,17995858898,2214022140,854306039,2331407703,1998815275,12873283372,36210185371
Kuwait,2002,197424108,18442702076,2984394430,1026605361,3112720101,1944627462,14928552956,39652632063
Kuwait,2003,218112373,24297718335,3781732988,1171095663,3573687340,2684459974,17532879202,49477952887
Kuwait,2004,237529691,32599253478,4940617577,1364099084,3803868341,3556158806,19782829997,61343739396
Kuwait,2005,243150685,48962328767,5866438356,1496575342,4061643836,4215753425,24828767123,83808219178
Kuwait,2006,237786538,63644083867,5565583466,1840261034,4352527503,6675253977,28785955845,105535868764
Kuwait,2007,246293322,68571579363,6185480862,2047753050,4661980741,7533057182,36493633391,119554297049
Kuwait,2008,267828879,97471112610,8265496784,2194708867,5122227305,8105543425,40330565314,153491986399
Kuwait,2009,254703664,56753744471,5843590059,2031027169,4802189131,9116514764,40753628644,113711807843
Netherlands,1970,1851846910,9238536723,8095286066,2994488807,4979654085,2290153871,11122647895,32477328291
Netherlands,1971,2008795130,10542728280,9139203298,3483749509,5656080363,2644767388,13332234182,37668354851
Netherlands,1972,2436131199,12880322761,11048418016,4168475904,6714466458,3149530386,17002795061,46351721769
Netherlands,1973,3161051351,16948280308,14540836212,5294169793,8736641426,4195290595,22851011608,61186445081
Netherlands,1974,3308372527,20723232375,17486175113,5747846423,10197263192,4860914046,27990011973,72827640536
Netherlands,1975,4056268824,23425279226,18373895687,6486544603,11666892220,5482716099,34595485468,85713186439
Netherlands,1976,4409184231,25869992469,19715471418,6851322189,12334046928,5852796157,37871475218,93188817193
Netherlands,1977,4755362398,29207407113,21751113807,7793011754,14433099543,7024395777,45327690558,108540967143
Netherlands,1978,5608116441,34083617959,25557366101,9479611282,17944750357,8579216271,57323791015,133019103325
Netherlands,1979,5910273708,39402190906,28859273290,10348471808,20082846404,10027691153,66910230616,152681704595
Netherlands,1980,6305920777,43405440621,30011039731,11537762237,21755371257,10785130806,72314690010,166104315708
Netherlands,1981,5950864855,37441520429,24030436603,8710801434,17852594564,9161223084,60044738628,139161742994
Netherlands,1982,5899209769,36166909584,23389689992,7782533313,17386493034,8747303349,59603641401,135586090450
Netherlands,1983,5472744356,35284067662,22832184446,7044768553,16896171663,8616792750,58638201203,131952746187
Netherlands,1984,5088469536,33902297436,21799583148,6336377371,16004400809,7976445565,53228729173,122536719890
Netherlands,1985,5105542377,34859674655,21762415849,6159825266,16110822611,8131048970,52921152833,123288066713
Netherlands,1986,7354020045,44167294556,31361621442,8898400233,24529290686,11485259534,75437170640,171871435693
Netherlands,1987,8832463588,50418691642,38922020230,11329138540,30214662359,14548163020,94521176413,209864295562
Netherlands,1988,9322866741,52892384726,42074425387,13286367252,31862976394,15713523541,100865792167,223943910821
Netherlands,1989,9925715898,51975961424,41484961873,13012954376,32175446721,15471522614,98244012731,220805613764
Netherlands,1990,11849102585,64132314707,50334784468,15517229430,40511562561,18819874814,120052188382,270882272480
Netherlands,1991,11872688980,65188405582,49679536169,15626735878,42034717274,19439716008,125097572214,279259835937
Netherlands,1992,12303917550,68727994121,53694606982,17473367529,46213003013,22152816310,141685538226,308556636749
Netherlands,1993,10550441398,65686345733,51639261195,16900639595,44961586410,21346490238,140505254157,299950757532
Netherlands,1994,11399992143,69304445064,54908852224,17824671730,47883599499,22623202676,151206396050,320242307162
Netherlands,1995,13157684139,82974247420,65997033192,20542840951,56096174385,26141067050,179453408988,378365422933
Netherlands,1996,12342054648,80708305678,63048788806,20131326376,55379774337,25557281560,181134880194,375253622792
Netherlands,1997,11966827839,71168518601,56185137614,18290182791,52487573029,24622572720,167660950059,346196625039
Netherlands,1998,10691209472,71707977082,58121787156,19208406378,55590067872,26705805872,176055025807,359958492484
Netherlands,1999,9782370741,69650650139,57377407824,20326492199,58554658931,26378947893,182156436748,366849556651
Netherlands,2000,9093414798,66534866919,53508342924,19279513482,54870051847,24548534681,169707811477,344034193205
Netherlands,2001,9106853630,67403423683,52544496246,20317491566,55582500380,25381428354,177959928770,355751626384
Netherlands,2002,9065912089,71615341058,55697997431,22327384864,61799347796,28726132533,196445976745,389980095086
Netherlands,2003,11261416744,87872457891,67909345106,26633284458,72933982042,35700654884,245552607546,479954403564
Netherlands,2004,11670484811,100171971715,77721281655,29180557884,81741818927,40109763896,279580066181,542454663413
Netherlands,2005,11857682933,106526389096,81036412476,30576282147,84151619161,41273690494,292920210914,567305874745
Netherlands,2006,13234800626,114873051500,83690355845,32885029726,89026928533,42569642127,308323184214,600912636726
Netherlands,2007,14436707670,132937332124,97969239192,38570426511,104403346393,48275649689,356180732579,694804194967
Netherlands,2008,14012530188,153406883653,106353727192,44866170514,112721327937,51468143497,398885436236,775360492025
Netherlands,2009,12222103435,126466402395,89029091022,42652334821,99200748370,44547191502,382869406592,707958187114
Nigeria,1970,4890178115,1651524508,708369757,657034519,1565514967,483322130,843998368,10091572605
Nigeria,1971,5586399813,2303808850,805956146,912309464,1779959998,574597031,964917222,12121992378
Nigeria,1972,6147518895,3223695888,1090615220,1165158685,1999153181,837348186,1165757317,14538632152
Nigeria,1973,7014950258,5835304539,1422288615,1266059209,2385964575,1059676520,1998428391,19560383492
Nigeria,1974,9996047351,10792656036,2175159390,1625603741,3462214486,1322408392,3200086899,30399016904
Nigeria,1975,11878661261,11554981786,3513813277,2325528573,4893375122,1763420196,4486700547,36902667484
Nigeria,1976,13500497364,14852255928,4126757072,3066870495,6048591757,2166736046,4941087414,44576039000
Nigeria,1977,15318348081,16217416274,4350141470,3322994846,6899706585,2535286630,5355049882,49648802300
Nigeria,1978,17254396493,18830322038,5059461552,3476704517,7638925454,3019967032,5544871502,55765187036
Nigeria,1979,20394748788,25562042993,6093780034,3899207096,9648236677,3816545849,5985392095,69306173498
Nigeria,1980,24167354431,32992847390,7721611599,4882171307,11703036746,5123558505,7420242280,86289210659
Nigeria,1981,21985009344,26318625295,7608689977,4489174844,11085768777,4928638025,8283652713,77090868998
Nigeria,1982,23617542550,22136536801,7495026497,3694347607,10418728442,4105655600,8888514220,72861325221
Nigeria,1983,26003497840,19520179050,7651690533,3114259140,12038654618,3752737481,8881905719,73311233849
Nigeria,1984,31048372798,19549802186,6323987491,2486538482,11857748878,3804638703,9035540747,77782641795
Nigeria,1985,29789642032,20973409668,7185976993,1714079686,10809051392,4381823184,8311541069,75979547031
Nigeria,1986,15894604935,9609603272,3756644960,1094314521,5687939102,2324694513,4799549496,39410705838
Nigeria,1987,9761916197,8708474798,1859656512,541578629,3811256890,1082572105,2294864118,26200662737
Nigeria,1988,12767204226,9201667781,2428446319,543755373,4682209847,1031471100,2429702665,30656010991
Nigeria,1989,9465785259,12310513549,1693952328,523365742,4465905426,672236000,1999443293,29437249270
Nigeria,1990,10492861350,14526650896,1829046868,541253514,4527085069,707456877,2489154092,33284461798
Nigeria,1991,9835424791,13918487914,1953278801,494508716,4277261784,646102768,2327280831,31499066804
Nigeria,1992,8395287432,15964486940,1561067554,353195161,3644995426,539623116,1892141626,30789729701
Nigeria,1993,10506615334,12866598385,1766890244,363424184,4625614310,700401080,1930203849,30992857143
Nigeria,1994,10982000296,8973086951,1977817083,324656919,5043245221,1021232259,1951966159,28296187805
Nigeria,1995,9336651154,13192883296,1586062180,207645255,4167014019,765852741,1451481365,29121527830
Nigeria,1996,9732698197,14981276793,1537151475,185551936,4168348276,764974051,1428103375,31260952627
Nigeria,1997,11112202414,14193396704,1679352583,218803378,4622123152,889892863,1616412528,32652831039
Nigeria,1998,13212565869,11044636183,1767737667,310802702,5613801659,1234862328,2420190495,33836859235
Nigeria,1999,12212652415,12797108969,1634715377,298116595,5322371264,1276125283,2684059544,34590434071
Nigeria,2000,11730002753,23220998070,1652324788,300931391,5250291650,1285482576,3268807311,45056513751
Nigeria,2001,14338556206,16995969857,1789778682,366301107,5850117391,1369200882,3559697207,42479842650
Nigeria,2002,27841385053,17097135448,1964083158,397961046,6486307146,1571692637,3932495126,57326976455
Nigeria,2003,28049168695,23680916654,2226699793,455845448,7224534688,1851058695,4416213294,65677737473
Nigeria,2004,29376301511,34893387507,2628651611,1249762497,11435734191,2925388180,5989216898,85869790784
Nigeria,2005,36360484597,46652522234,3143848374,1643780008,14582678019,3250727107,8515811533,111006003498
Nigeria,2006,46173027720,58540697993,3719533149,1945814430,21759581312,4737598185,11144518058,144301237697
Nigeria,2007,53715677155,64631434095,4140297787,2118019228,24780702494,5720391002,13230805449,164197029423
Nigeria,2008,67327418881,82433680706,4939626484,2586182570,30277190889,6172748883,16155504189,204952726119
Nigeria,2009,62674680684,54772308567,4176202997,2370215007,28568625501,5199509205,14881452469,168466791434
Norway,1970,653659738,2770038890,2326939067,737379704,1860599254,1717939311,3359718653,11099335551
Norway,1971,740089280,3030936297,2579824811,858004692,2066070763,1846680069,3935852048,12477633149
Norway,1972,796266180,3650286954,3104618460,1021363920,2500816161,2130004442,4783668495,14882406150
Norway,1973,1001763261,4807978032,4111981501,1267813268,3139008528,2851452523,6293626248,19361641859
Norway,1974,1192662069,6081547616,5072288704,1487081901,3965371222,3289703881,7568810032,23585176721
Norway,1975,1353181354,7765535297,6001980127,1877005834,4800704046,3358943168,9478008971,28633378670
Norway,1976,1582694699,8396015775,6132300523,2000910227,5139725894,3489588902,10668344581,31277280078
Norway,1977,1840518456,9591434209,6850568236,2329482484,5927115621,3788109327,12560909179,36037569275
Norway,1978,1967285040,11182030619,7115074635,2792884735,6174257238,4283466070,14302446471,40702370173
Norway,1979,2008069931,14524492835,8568805046,2728439595,6258606391,4962809864,16081146908,46563565523
Norway,1980,2336196469,19237633438,8900384171,2989537833,7790088528,5779449206,18755978928,56888884401
Norway,1981,2301416643,19101636177,8102436186,2772711368,7626785687,5538453498,18447050491,55788053865
Norway,1982,2141296657,18738514937,7653508660,2829703390,7466338880,5087361392,18740684123,55003899379
Norway,1983,1823099168,19059212122,7388608943,2689146653,7112992312,4906277554,18302808250,53893536060
Norway,1984,1904684110,20202516913,7497802170,2591816210,6801603064,4819359286,17984408425,54304388008
Norway,1985,1868740719,20627449917,7614775296,2758794496,7385631812,4823295867,18944699264,56408612075
Norway,1986,2459720815,19145902099,9379908471,3812709256,9723666254,6406579450,24739606635,66288184509
Norway,1987,3008853498,22187771338,11349843042,4842188068,11630364604,7223356017,31062048698,79954582223
Norway,1988,3140256612,22447349106,12583276004,5702485045,12526961605,8663517630,34905413803,87385983801
Norway,1989,2977043957,25184734593,11835904121,4859729162,11627489319,9256716634,35151278152,89056991817
Norway,1990,3570275131,30598227563,12801966002,4812818420,13128656800,11291999537,40892102842,104294080294
Norway,1991,3543452684,30629918436,12633152307,4386588343,13165009562,12154048875,42031685458,105910703357
Norway,1992,3433743204,32329386605,13583230941,4652183784,13864508560,12320378105,46462299667,113062499925
Norway,1993,3140907006,29812538654,12792408746,3727448342,12630020950,11463704436,42755776343,103530395732
Norway,1994,3303254974,31216205829,13685277812,4503524046,13199134123,11426997978,44603789706,108252906654
Norway,1995,3928553201,38235044963,17017890113,5779336160,15840176539,12906547431,52038965624,128728623917
Norway,1996,3636387128,44628612995,17053219928,6127158817,16786235250,13187833747,54141143729,138507371666
Norway,1997,3324850458,44443967959,16799839681,6369496238,16159270865,13179798826,53367115606,136844499952
Norway,1998,3482128627,35867661087,16863002764,6659291016,16595014180,13030050308,54573847455,130207992673
Norway,1999,3314326329,41260407355,16975136035,6437991385,16419051339,12938809955,57212229589,137582815953
Norway,2000,3103100582,55998394275,15704781480,6093383866,15338040050,12425126938,55052796716,148010842428
Norway,2001,2738650702,54241298760,16067788787,6269814091,15716574212,13367395784,58270590738,150604324288
Norway,2002,2952236089,56415640939,18044963796,7642621530,17895911571,14558269014,69458462161,168923141304
Norway,2003,3062053186,66394578320,21041870188,8800295660,20537648330,16610508624,83645462827,199050546947
Norway,2004,3710223761,80820719496,23576165163,10418296452,22600914823,18454543207,92873977006,228878674743
Norway,2005,4121691890,103318277066,26319441211,11921148622,25333954210,20725494761,103411098176,268831664726
Norway,2006,4504365904,120879885655,29909095634,13397089397,28363877339,22368243243,110064760915,299578222453
Norway,2007,4667443844,128311117430,34969405744,17083707705,32923149529,26590299433,133738072221,343313790162
Norway,2008,4856028369,163328191489,36608687943,19487588652,37891666667,25954609929,150241666667,401759751773
Norway,2009,4137026239,118897323085,32574927114,17800424066,33143122184,21920275643,142307500663,338205671879
Oman,1970,43131933,152748428,1038537,35845908,4645974,1252732,39015600,276640577
Oman,1971,43779729,159206598,1041585,69188969,8154320,3769225,57304451,341403295
Oman,1972,47957269,181109159,1691328,82976833,11979952,6217626,93527567,423768406
Oman,1973,51557299,246801769,3701911,96433477,28636355,9356111,120967745,553752755
Oman,1974,54538961,1011331853,12528196,236607496,95277959,26554108,321103808,1745414189
Oman,1975,63315345,1265117323,13154606,288824323,134860345,50733460,518651052,2321501854
Oman,1976,61089363,1614681927,11203043,410625488,144464132,50922612,578910558,2860694076
Oman,1977,80451019,1673103207,17455903,361907207,177889167,66387997,664714857,3024453454
Oman,1978,102483249,1560201336,22145550,331284292,196395684,78081335,749750060,3018195955
Oman,1979,134530128,2263970137,29961627,399489880,258902386,96187151,934111433,4087191115
Oman,1980,175590189,4008584389,40643599,546572683,355589491,144469332,1267872256,6498678334
Oman,1981,201913761,4722826041,70255362,725259904,471632225,192338275,1544839964,7858810170
Oman,1982,216870336,4642691212,102770241,841836595,561953131,229210299,1754346797,8246908371
Oman,1983,241099989,4637328841,149800692,992335191,623999669,247754123,1980967582,8723485396
Oman,1984,234819925,4942509167,191316608,1218808566,704115485,281178168,2251814839,9633246147
Oman,1985,242599157,5634233660,229059025,1065927709,797388086,320424676,2495483357,10556056645
Oman,1986,247492915,3737661163,254633405,910693069,656741299,296168020,2526536351,8375292817
Oman,1987,281879586,4443965792,263918975,549790226,590706299,285318278,2558425618,8710085800
Oman,1988,294509079,3808561815,293127399,496570874,728814101,316503779,2710464983,8355424635
Oman,1989,304182736,4612162850,327812403,436484512,751214731,344396401,2929008876,9377450104
Oman,1990,312244117,6209471423,343459774,442493147,870449563,394951779,3467231178,11696841207
Oman,1991,308482138,5404188689,391966622,548931849,971869724,471462791,3598903693,11303838884
Oman,1992,300958185,5821390746,458989524,656658114,1095337748,519112687,3981062060,12374519540
Oman,1993,309019565,5430512210,526794797,678117534,1165890913,555915455,4246000891,12385456567
Oman,1994,338027638,5571138894,562628059,642471304,1172264868,603626177,4499768280,12827297160
Oman,1995,395941670,6206088509,645147602,591133947,1284067466,644748429,4558809522,13680789539
Oman,1996,395355605,7384599030,618926255,557672275,1368731245,704873297,4728132722,15139364176
Oman,1997,428653941,7375765646,627420952,831674250,1456068646,809434601,4906276126,15807873217
Oman,1998,411828226,5344490758,655368977,866887002,1573335391,869868224,4882381860,13948791459
Oman,1999,428794705,7199372021,682863887,627146277,1466508694,845472507,5007778561,15575072767
Oman,2000,403645061,11126488375,1117149540,413467844,1595874772,939604967,5241115532,19720196549
Oman,2001,424727589,10496666616,1708570224,474530042,1705621860,1018668023,5504354195,19624568325
Oman,2002,427878187,10579691508,1739044843,594179131,1721435560,1207261025,5794385274,20324830689
Oman,2003,445858263,11302096356,1919331165,716677183,1918260270,1367786008,6100906008,21851584088
Oman,2004,453654635,13123618395,2134549017,809771337,2312072663,1613259727,6666536806,24978913563
Oman,2005,476177888,18500069061,2618775599,1188120453,2465219225,1652952403,7324586788,31607125818
Oman,2006,497749899,22009327958,3970951248,1472884726,3130355524,2088037004,8241948731,37440303844
Oman,2007,546423927,23684525358,4547724317,2059297789,4254096229,2364109233,9638491547,42546944083
Oman,2008,607802341,37506111834,6394018205,2970091027,5973472042,3103250975,10794018205,60954746424
Oman,2009,656013560,31959815886,5772799540,2478021329,5113601865,2947005766,11331508447,54485966853
Qatar,1970,3870860,373339484,16800000,46744707,27229483,9185569,85664054,546034157
Qatar,1971,5114891,490638529,22523242,62873931,37146606,12290444,114868115,722932516
Qatar,1972,7421410,717125579,31150633,88394323,50087133,17445290,163284836,1043758571
Qatar,1973,10783127,1043721285,47663119,129677738,76488946,25508426,236504697,1522684220
Qatar,1974,13789415,1300833250,63362411,178522084,109650094,34379741,323315561,1960490146
Qatar,1975,18062864,1782880985,64873666,194875404,94639230,39687419,373214384,2503360287
Qatar,1976,22707585,2209195732,115808684,281069443,184940666,54750511,493259211,3245923148
Qatar,1977,24501034,2125780392,125788811,386712189,259660438,70724633,688807406,3556186091
Qatar,1978,28631123,2397276175,153989012,345636978,281668343,86925121,846552658,3986690398
Qatar,1979,32332227,3861580967,226855625,359629770,323322269,100176900,1022440421,5699482553
Qatar,1980,41017601,5537923052,257863986,425489249,353571722,109106819,1458038994,7925147438
Qatar,1981,47252747,5975000002,409615385,448351648,510439561,112362637,1704945055,8798351651
Qatar,1982,52197802,4527747254,382142857,502472528,487637363,125824176,2042307693,7738186815
Qatar,1983,53571429,3403021979,402197802,383241758,435989011,123626374,2191758242,6591208793
Qatar,1984,56593407,3660439561,502472528,387637363,413736264,131868132,2336813187,6987087913
Qatar,1985,58516484,3174725275,486263736,360714286,325824176,123626374,2207417582,6250824176
Qatar,1986,65109890,2070054945,488186813,289560440,315659341,112637363,2316208791,5169230769
Qatar,1987,65109890,2288736264,576923077,272802198,362362637,139560440,2428571429,5557142857
Qatar,1988,63736264,2498351648,862087912,282967033,367582418,181043956,2753571429,6147252747
Qatar,1989,58791209,2962912088,915659341,267032967,444505495,183791209,2687912088,6604945055
Qatar,1990,57692308,3859615385,948076923,310439560,406593407,187637363,2671153846,7493131868
Qatar,1991,65384615,3241758242,916758242,282692308,459890110,211263736,2754120879,7015109890
Qatar,1992,73901099,3709890110,884065934,329395604,506043956,237362637,2948901099,7805494505
Qatar,1993,77197802,3218406593,793131868,328571429,501923077,260439560,2891208791,7277747253
Qatar,1994,77747253,3278846154,810164835,472252747,551648352,279945055,2862087912,7522527473
Qatar,1995,79945055,3791208791,683516484,539285714,636263736,299175824,2965384615,8311263736
Qatar,1996,79670330,4312912088,686538462,623076923,698901099,335989011,3226923077,9277472527
Qatar,1997,79670330,5847527473,938736264,789285714,758791209,398626374,3653021978,11526923077
Qatar,1998,70329670,4547802198,807142857,748076923,868681319,512912088,3789560440,10537362637
Qatar,1999,72252747,6660164835,788186813,661813187,917307692,524450549,3848076923,12684065934
Qatar,2000,66208791,11912087912,965659341,640109890,1030219780,551098901,3851648352,18051373626
Qatar,2001,65934066,11306043956,1073901099,807142857,1076373626,610714286,4071428571,17937637363
Qatar,2002,49725275,12692857143,1394505495,987087912,1090384615,683791209,4338461538,19842307692
Qatar,2003,55219780,16018956044,1800274725,1278571429,1193681319,799725275,4725824176,24071978022
Qatar,2004,57692308,20988736264,3295329670,1765109890,1689010989,1104395604,6556043956,32160989011
Qatar,2005,59340659,29484065934,3582967033,2402197802,1887087912,1404945055,8116758242,43354395604
Qatar,2006,64010989,42821428571,6383516484,2108241758,2639835165,2458791209,11378296703,61470604396
Qatar,2007,74175824,53797252747,7143131868,5940934066,4252747253,3719505495,14140659341,81925274725
Qatar,2008,83791209,70699725275,10424725275,8930494505,5679670330,5823901099,21074725275,112292307692
Qatar,2009,86538462,54285989011,7792032967,7082692308,6578571429,6235164835,25787087912,100056043956
Saudi Arabia,1970,227777778,2953777775,443777777,184222222,242444444,241111111,1479111110,5328444440
Saudi Arabia,1971,237138501,4492927666,488986720,205490317,261877574,276587293,1643253915,7117275265
Saudi Arabia,1972,272151306,6206642162,577115182,301344842,340189133,354906535,2099763139,9574997118
Saudi Arabia,1973,328604004,9889955321,787246703,534993218,541737964,525820364,3017599167,14838710039
Saudi Arabia,1974,379436620,36524225362,2215774649,1226478874,909859155,584225352,5735774650,45360000013
Saudi Arabia,1975,434385539,30660853073,2359839238,2944610870,1503576645,736010576,10518782274,46798218976
Saudi Arabia,1976,506515581,39938810210,2963739378,5218413599,2221529746,1272804533,14884702554,64042776222
Saudi Arabia,1977,869771196,42739070072,3186324225,7004409850,3025476127,1980956380,18673698221,74293381845
Saudi Arabia,1978,1233982617,40006922473,3660766070,8326661724,3985219664,2791830516,24210474201,80555091195
Saudi Arabia,1979,1369004346,62631725650,5673289688,9941572092,5187398774,3553579417,29740213507,112423493786
Saudi Arabia,1980,1622909304,105290411821,6736922266,12346314841,6586324459,4107923420,35290386750,165244270595
Saudi Arabia,1981,1849219391,115847756006,8913503541,14555174787,7942035129,4705679465,40200344428,185100209205
Saudi Arabia,1982,2442118672,77296031310,7537839059,14338842025,8712517975,5116722841,46113221227,154019454050
Saudi Arabia,1983,2791222061,50841749475,8151653603,13000616785,9017994744,5352037324,48889949168,129893569557
Saudi Arabia,1984,3297566342,44227686271,9273766825,10920847294,8875618324,5390470970,47589387725,120301576926
Saudi Arabia,1985,3806869934,33897403536,8290412448,9154819567,8588302988,5216811536,43873837791,104538045352
Saudi Arabia,1986,4279527825,25011804384,6763979764,7848903879,8073929174,4897133221,37863069140,87974367622
Saudi Arabia,1987,4883200000,26763733333,7799200000,7588533333,7629866667,4692266667,35238933333,86796533333
Saudi Arabia,1988,5572000000,26670933333,8048000000,7308800000,7356533333,4845066667,36378400000,88131733333
Saudi Arabia,1989,6040000000,32964533333,8358933333,7410933333,7157866667,4911733333,37192800000,95677866667
Saudi Arabia,1990,6704533333,49277066667,10036000000,7617333333,7515733333,5314133333,40613600000,117042400000
Saudi Arabia,1991,7173866667,55448533333,11235733333,8150666667,8166133333,5790133333,46991200000,131720533333
Saudi Arabia,1992,7676000000,61092266667,12283733333,8721066667,8574400000,6107733333,43925333333,136096800000
Saudi Arabia,1993,8059733333,53648266667,12019733333,9200533333,8874400000,6352000000,45929866667,132064800000
Saudi Arabia,1994,8301600000,54151466667,12624800000,9545600000,9051733333,6542400000,47068800000,134661600000
Saudi Arabia,1995,8426133333,59781600000,13695733333,9717333333,9448000000,6640800000,49061600000,143075466667
Saudi Arabia,1996,8576533333,71374400000,15457333333,10357600000,9619200000,6684800000,51342933333,157955466667
Saudi Arabia,1997,8906666667,72852533333,16626666667,10407200000,10307733333,6963200000,55805866667,165243200000
Saudi Arabia,1998,9040266667,52751733333,15491733333,10750400000,11295733333,7149600000,55187733333,146175466667
Saudi Arabia,1999,9184800000,65744000000,16746666667,10516533333,12264533333,7438133333,56530666667,161678666667
Saudi Arabia,2000,9326133333,90454400000,18210666667,11126400000,12755200000,7760800000,58000800000,189423733333
Saudi Arabia,2001,9522133333,82235733333,18454933333,11516000000,13278133333,8149066667,60140266667,184841333333
Saudi Arabia,2002,9626933333,85121066667,19460000000,11930400000,13796000000,8515733333,61515200000,190505333333
Saudi Arabia,2003,9721066667,104066133333,23004533333,12569866667,14361600000,8859733333,66902933333,216481333333
Saudi Arabia,2004,9916533333,130853600000,25553866667,13637600000,15501866667,9511200000,72817866667,252238666667
Saudi Arabia,2005,10215945736,184872856666,29544579117,14663671745,16748760147,10255709997,80593083509,317350027799
Saudi Arabia,2006,10513484646,214685447263,33087316422,15791455274,18122296395,11045927904,88220827770,358379439252
Saudi Arabia,2007,10714876584,235245363576,36426684456,17349432955,19743829219,12257238159,91360907272,386671647765
Saudi Arabia,2008,10969600000,316303200000,39432800000,18159733333,21670133333,14067200000,95009866667,476179733333
Saudi Arabia,2009,11077066667,200231200000,39198666667,18673600000,22472000000,15029600000,103051200000,370534666667
United Arab Emirates,1970,6043498,462297848,13015513,84876109,61360770,26948094,88737004,730263325
United Arab Emirates,1971,8278401,634112258,16752481,115931481,83059517,37088077,123130990,1001600724
United Arab Emirates,1972,12284108,942767864,28179931,178203617,128334604,56820613,190602700,1509013505
United Arab Emirates,1973,24573339,1802572646,62725946,352635410,251075576,114230137,379931777,2925018886
United Arab Emirates,1974,67612102,4988208196,185664430,963371032,689216935,318540689,1037109794,8064058747
United Arab Emirates,1975,83053858,6826067805,93151591,1087525891,819935955,316816387,1011035561,10144435457
United Arab Emirates,1976,109282084,8427368840,150009897,1508446911,1030843730,501129185,1729793724,13306864474
United Arab Emirates,1977,125792689,9756491232,474732899,2171012728,1599181195,681996210,2394160248,16728634302
United Arab Emirates,1978,156023535,9224762367,567522694,2136540829,1443734336,740336841,2376259108,16077657016
United Arab Emirates,1979,178212204,13529189131,664102537,2447272884,1795225879,896302556,2623388474,21469591129
United Arab Emirates,1980,223069485,20568516998,1130452491,2652557815,2452955132,1006375148,3542138420,30445612997
United Arab Emirates,1981,282211931,21709343509,2200217925,2853445928,2955325525,1348406429,5298283848,34447017171
United Arab Emirates,1982,311631708,18405611555,2570416781,2769817489,2972759467,1488695179,6167256880,32115772278
United Arab Emirates,1983,326341596,15740670121,2610732771,2865704169,2642604196,1302097521,6485426316,29362843920
United Arab Emirates,1984,367474803,16011713431,2658948516,2685916644,2493598475,1214655407,6240806321,29014165081
United Arab Emirates,1985,392263688,15367474803,2521111414,2419504222,2374012531,1150640153,6357940616,28061836012
United Arab Emirates,1986,419504222,9740397712,1953691092,2436665759,2556524108,1248161264,6170525742,22571778807
United Arab Emirates,1987,433941705,11682375375,2220375919,2288204849,2621901389,1292835740,6344865159,24664124217
United Arab Emirates,1988,453282484,10953418687,2230454917,2410787251,2782620539,1370198856,6583492236,24553800054
United Arab Emirates,1989,516208118,13609915554,2355216562,2606919096,2916099156,1540179788,7339689458,28529011169
United Arab Emirates,1990,548079542,18930536639,2517570144,2720512122,3074094252,1615636066,7907382185,34796240806
United Arab Emirates,1991,698174884,18268046854,2661400163,2823481340,3546172705,1828112231,7825388178,34989376192
United Arab Emirates,1992,780441297,18386815582,2860800872,3019613184,3947425770,1978479978,8355761373,36468537183
United Arab Emirates,1993,859711250,16790792700,3034595478,3323345138,4285753201,2158267502,9525197494,36943067284
United Arab Emirates,1994,1132661400,16979297194,3906837374,3380822664,4704712612,2332879324,10916643966,39447017162
United Arab Emirates,1995,1226096431,18547534732,4452465268,3708526287,4983928085,2870335059,12260964315,43597384909
United Arab Emirates,1996,1376191773,21545083084,4883138110,3947425770,5748297467,3046581313,13217107055,48880686461
United Arab Emirates,1997,1648540979,22666893663,6224522456,4252647349,6418468453,3261125677,13925703974,52173380095
United Arab Emirates,1998,1722260041,18008168822,6531518039,4463444520,6808713410,3634309054,15100068074,49736963921
United Arab Emirates,1999,2056092580,22166099387,7226412526,4525799864,7149081007,4151667801,16222191967,56270932607
United Arab Emirates,2000,2463444520,34513002042,9465486726,4590061266,7431994554,4696255956,17687134105,71381892444
United Arab Emirates,2001,2413070116,31506875425,9566235534,4750442478,7698570456,5413206263,18858543227,70640707965
United Arab Emirates,2002,2479237577,31729611981,10298162015,5861674609,9510687543,5920217835,20347447243,75848876787
United Arab Emirates,2003,2492035398,38667937372,11494894486,7099251191,11432266848,6723485364,22782300885,89197277059
United Arab Emirates,2004,2736283186,49991014295,14113002042,8028863172,13833083730,7425459496,25414567733,107429271613
United Arab Emirates,2005,2406807352,69094349898,16839482641,10619469027,16555207624,8513818924,33452144316,140641797141
United Arab Emirates,2006,2361061947,86122532335,23038801906,11851599728,30056364874,9848604493,39414567733,179654731110
United Arab Emirates,2007,2366780123,98932607216,26312865895,14944043567,37482096664,11223689585,46668754255,211617971409
United Arab Emirates,2008,2410347175,128692716133,30835942818,18847651464,44369775357,12790469707,53207896528,260318856365
United Arab Emirates,2009,2856065572,122545272805,31549503029,17769596862,43778570790,13349267167,54787285936,255086059133
