country,year,treatment,control,decade,idio,herf,cov,gsect,cnt,N,isect
"Algeria",1970,0,1,1970,.0035117,.1759843,-.0143718,.012254,.0191992,9,.0199544
"Algeria",1971,0,1,1970,.0029124,.1677543,-.0138553,.0115594,.0191992,9,.017361
"Algeria",1972,0,1,1970,.0035823,.1773943,-.0147118,.0124914,.0191992,9,.0201941
"Algeria",1973,0,1,1970,.0043496,.1908918,-.0154736,.0134281,.0191992,9,.0227859
"Algeria",1974,0,1,1970,.0079451,.2777035,-.0173133,.0163719,.0191992,9,.0286101
"Algeria",1975,0,1,1970,.0057382,.225303,-.0160921,.014515,.0191992,9,.0254687
"Algeria",1976,0,1,1970,.0061534,.2328836,-.0165463,.0149914,.0191992,9,.0264226
"Algeria",1977,0,1,1970,.0062464,.2355137,-.0167124,.0151262,.0191992,9,.0265226
"Algeria",1978,0,1,1970,.0051616,.2108267,-.0162231,.0142407,.0191992,9,.0244825
"Algeria",1979,0,1,1970,.0057421,.2250753,-.0165369,.0147905,.0191992,9,.0255121
"Algeria",1980,0,1,1980,.0010336,.2421298,-.0093529,.0154315,.0112057,10,.0042689
"Algeria",1981,0,1,1980,.0010113,.2359467,-.0092518,.0152173,.0112057,10,.0042863
"Algeria",1982,0,1,1980,.0009454,.2241996,-.0090986,.0148763,.0112057,10,.0042166
"Algeria",1983,0,1,1980,.0009134,.2183643,-.0090223,.0147448,.0112057,10,.0041829
"Algeria",1984,0,1,1980,.000882,.211561,-.0089306,.0146284,.0112057,10,.0041691
"Algeria",1985,0,1,1980,.0008502,.2023865,-.0087439,.0142209,.0112057,10,.0042008
"Algeria",1986,0,1,1980,.0007234,.1749252,-.0080899,.0130541,.0112057,10,.0041353
"Algeria",1987,0,1,1980,.0007475,.1764233,-.008067,.0129435,.0112057,10,.0042367
"Algeria",1988,0,1,1980,.0007588,.1763315,-.0080282,.0128211,.0112057,10,.0043034
"Algeria",1989,0,1,1980,.0007763,.1795042,-.0080361,.0126931,.0112057,10,.0043246
"Algeria",1990,0,1,1990,.0026213,.1964771,.0004086,.0135396,.0189645,10,.0133416
"Algeria",1991,0,1,1990,.003103,.2168208,.0005012,.0144648,.0189645,10,.0143112
"Algeria",1992,0,1,1990,.0026535,.1977542,.0004746,.0134814,.0189645,10,.013418
"Algeria",1993,0,1,1990,.0023896,.1887138,.0002913,.0130634,.0189645,10,.0126624
"Algeria",1994,0,1,1990,.0024984,.1941861,.0002426,.013381,.0189645,10,.0128662
"Algeria",1995,0,1,1990,.0027439,.2042421,.0003624,.013734,.0189645,10,.0134348
"Algeria",1996,0,1,1990,.0030512,.2160417,.000587,.0140634,.0189645,10,.0141232
"Algeria",1997,0,1,1990,.0031873,.2225299,.0005338,.0144617,.0189645,10,.0143231
"Algeria",1998,0,1,1990,.0024712,.1898059,.0003979,.0131187,.0189645,10,.0130196
"Algeria",1999,0,1,1990,.0028755,.2068888,.0005579,.0137824,.0189645,10,.0138985
"Algeria",2000,0,1,2000,.0011717,.2698444,.0039397,.0159451,.002558,10,.0043421
"Algeria",2001,0,1,2000,.0009826,.2355093,.0038771,.0148138,.002558,10,.004172
"Algeria",2002,0,1,2000,.0009479,.2296814,.003885,.01467,.002558,10,.0041272
"Algeria",2003,0,1,2000,.0010424,.2446834,.003892,.0150933,.002558,10,.00426
"Algeria",2004,0,1,2000,.0011225,.2578273,.0039379,.0155453,.002558,10,.0043536
"Algeria",2005,0,1,2000,.0013655,.303233,.0039977,.0169167,.002558,10,.0045031
"Algeria",2006,0,1,2000,.0013982,.3089079,.0040162,.017093,.002558,10,.0045262
"Algeria",2007,0,1,2000,.0013159,.2937925,.0040139,.0166949,.002558,10,.0044791
"Algeria",2008,0,1,2000,.0013594,.3018641,.0040093,.0169002,.002558,10,.0045033
"Algeria",2009,0,1,2000,.0013574,.3014312,.0040131,.0168948,.002558,10,.0045033
"Bahrain",1970,1,0,1970,.0035414,.2377849,-.0020798,.014388,.0140701,9,.0148934
"Bahrain",1971,1,0,1970,.0035112,.2363556,-.0020608,.0143227,.0140701,9,.0148555
"Bahrain",1972,1,0,1970,.0035925,.240259,-.0021133,.0144876,.0140701,9,.0149528
"Bahrain",1973,1,0,1970,.0035234,.236846,-.0020655,.0143552,.0140701,9,.0148765
"Bahrain",1974,1,0,1970,.0034304,.23241,-.0020042,.0141315,.0140701,9,.0147601
"Bahrain",1975,1,0,1970,.0039014,.2542607,-.0022745,.0150164,.0140701,9,.015344
"Bahrain",1976,1,0,1970,.0033543,.2280464,-.0019256,.0139809,.0140701,9,.0147089
"Bahrain",1977,1,0,1970,.0032697,.2231729,-.0018238,.0135129,.0140701,9,.0146511
"Bahrain",1978,1,0,1970,.003045,.2342679,-.0019798,.0131996,.0140701,9,.0129979
"Bahrain",1979,1,0,1970,.0032596,.2294862,-.0019635,.0136195,.0140701,9,.0142038
"Bahrain",1980,1,0,1980,.0019247,.2615462,.0006816,.0148197,.0034808,10,.007359
"Bahrain",1981,1,0,1980,.0018079,.2633372,.0008735,.0140863,.0034808,10,.0068654
"Bahrain",1982,1,0,1980,.0016626,.2686924,.0011512,.0129626,.0034808,10,.0061877
"Bahrain",1983,1,0,1980,.001591,.2648501,.0012531,.0124421,.0034808,10,.0060074
"Bahrain",1984,1,0,1980,.0016522,.276169,.0012966,.0124625,.0034808,10,.0059826
"Bahrain",1985,1,0,1980,.0016766,.2876338,.0012484,.0127315,.0034808,10,.0058291
"Bahrain",1986,1,0,1980,.0016087,.2857608,.001397,.0119732,.0034808,10,.0056294
"Bahrain",1987,1,0,1980,.0016061,.269371,.0012722,.0122935,.0034808,10,.0059625
"Bahrain",1988,1,0,1980,.0016286,.2823102,.0013826,.0119074,.0034808,10,.0057689
"Bahrain",1989,1,0,1980,.0016262,.2811641,.0013149,.0121741,.0034808,10,.0057837
"Bahrain",1990,1,0,1990,.0011962,.2752344,-.0042017,.0128145,.0024236,10,.0043462
"Bahrain",1991,1,0,1990,.0011586,.2627184,-.0040165,.0124852,.0024236,10,.00441
"Bahrain",1992,1,0,1990,.0011658,.2724934,-.0037899,.0121078,.0024236,10,.0042782
"Bahrain",1993,1,0,1990,.001181,.2750873,-.0038545,.0121641,.0024236,10,.0042932
"Bahrain",1994,1,0,1990,.0011688,.2611147,-.0038893,.0122764,.0024236,10,.0044761
"Bahrain",1995,1,0,1990,.0011976,.2555845,-.0041968,.0128077,.0024236,10,.0046859
"Bahrain",1996,1,0,1990,.0012032,.2682079,-.0042116,.0127737,.0024236,10,.004486
"Bahrain",1997,1,0,1990,.0012281,.277589,-.0042599,.0128025,.0024236,10,.004424
"Bahrain",1998,1,0,1990,.0012216,.2892457,-.0037949,.0119413,.0024236,10,.0042234
"Bahrain",1999,1,0,1990,.0012273,.2883777,-.0041006,.0124675,.0024236,10,.0042559
"Bahrain",2000,1,0,2000,.0006962,.2895451,.0003151,.0136062,.0012866,10,.0024046
"Bahrain",2001,1,0,2000,.0006834,.2783559,.0002354,.0133555,.0012866,10,.0024553
"Bahrain",2002,1,0,2000,.000677,.274421,.0002177,.0133119,.0012866,10,.002467
"Bahrain",2003,1,0,2000,.0007005,.2856512,.0002282,.0132799,.0012866,10,.0024524
"Bahrain",2004,1,0,2000,.0007159,.2854725,.0001365,.0129313,.0012866,10,.0025078
"Bahrain",2005,1,0,2000,.0006926,.2801346,.0002233,.0133673,.0012866,10,.0024725
"Bahrain",2006,1,0,2000,.0006703,.2736623,.0002903,.0137271,.0012866,10,.0024494
"Bahrain",2007,1,0,2000,.0006643,.2703289,.0002911,.0138004,.0012866,10,.0024575
"Bahrain",2008,1,0,2000,.0006486,.273948,.0004532,.0145705,.0012866,10,.0023677
"Bahrain",2009,1,0,2000,.0006711,.2731153,.0002655,.0136024,.0012866,10,.0024572
"Canada",1970,0,1,1970,.0007359,.2006147,-.0074481,.0123743,.0036155,9,.003668
"Canada",1971,0,1,1970,.0007251,.2022198,-.0074416,.012355,.0036155,9,.0035856
"Canada",1972,0,1,1970,.000728,.2030072,-.007452,.0123753,.0036155,9,.0035861
"Canada",1973,0,1,1970,.0007579,.1984024,-.007466,.0124336,.0036155,9,.0038199
"Canada",1974,0,1,1970,.0007747,.1975218,-.0074756,.0125001,.0036155,9,.0039223
"Canada",1975,0,1,1970,.0007227,.1991501,-.0073879,.0122878,.0036155,9,.0036287
"Canada",1976,0,1,1970,.0007117,.2018103,-.007371,.0122676,.0036155,9,.0035263
"Canada",1977,0,1,1970,.0007337,.2071169,-.0073897,.0123686,.0036155,9,.0035426
"Canada",1978,0,1,1970,.0007532,.2082825,-.0074156,.0123997,.0036155,9,.0036163
"Canada",1979,0,1,1970,.0008037,.2073101,-.0074776,.012592,.0036155,9,.003877
"Canada",1980,0,1,1980,.0007462,.2087069,-.0055749,.0125921,.00395,10,.0035752
"Canada",1981,0,1,1980,.0006622,.210017,-.0055884,.0122881,.00395,10,.0031531
"Canada",1982,0,1,1980,.0006196,.2190749,-.0056462,.0120901,.00395,10,.0028284
"Canada",1983,0,1,1980,.0006597,.2218193,-.0056397,.0122443,.00395,10,.002974
"Canada",1984,0,1,1980,.0007119,.2199798,-.0056107,.0124367,.00395,10,.0032362
"Canada",1985,0,1,1980,.0007007,.2198356,-.0056052,.0124045,.00395,10,.0031874
"Canada",1986,0,1,1980,.0005973,.220789,-.0055825,.0120685,.00395,10,.0027055
"Canada",1987,0,1,1980,.0006041,.2213742,-.005585,.0121232,.00395,10,.0027287
"Canada",1988,0,1,1980,.0006031,.2217087,-.0055728,.0121416,.00395,10,.0027201
"Canada",1989,0,1,1980,.0005703,.2232818,-.0055863,.0120188,.00395,10,.0025542
"Canada",1990,0,1,1990,.0006069,.2304785,-.0037072,.0118565,.0031118,10,.002633
"Canada",1991,0,1,1990,.0005785,.2424966,-.0036259,.0116358,.0031118,10,.0023855
"Canada",1992,0,1,1990,.000576,.248027,-.0036087,.0115807,.0031118,10,.0023223
"Canada",1993,0,1,1990,.000589,.2480981,-.003641,.0116415,.0031118,10,.0023741
"Canada",1994,0,1,1990,.0006139,.242848,-.0037123,.0118078,.0031118,10,.002528
"Canada",1995,0,1,1990,.0006376,.2391135,-.0037783,.0119434,.0031118,10,.0026664
"Canada",1996,0,1,1990,.0006457,.2395484,-.0037804,.0119589,.0031118,10,.0026955
"Canada",1997,0,1,1990,.0006354,.2395509,-.0037607,.0119484,.0031118,10,.0026523
"Canada",1998,0,1,1990,.0006103,.239715,-.0037326,.0118446,.0031118,10,.0025458
"Canada",1999,0,1,1990,.0006406,.2374722,-.0037962,.0120152,.0031118,10,.0026978
"Canada",2000,0,1,2000,.0004639,.2375077,.0004088,.0122945,.0016923,10,.0019532
"Canada",2001,0,1,2000,.0004284,.2399751,.0003443,.0120939,.0016923,10,.0017854
"Canada",2002,0,1,2000,.0004031,.2416696,.0002997,.011964,.0016923,10,.0016681
"Canada",2003,0,1,2000,.0004146,.2438833,.000312,.0120002,.0016923,10,.0017002
"Canada",2004,0,1,2000,.0004203,.2419599,.0003153,.0120237,.0016923,10,.001737
"Canada",2005,0,1,2000,.0004383,.2427005,.0003358,.0121092,.0016923,10,.0018059
"Canada",2006,0,1,2000,.0004162,.2443743,.0002887,.0119989,.0016923,10,.0017029
"Canada",2007,0,1,2000,.0004022,.2463661,.0002609,.011922,.0016923,10,.0016325
"Canada",2008,0,1,2000,.0003758,.250334,.0002068,.0117593,.0016923,10,.0015011
"Canada",2009,0,1,2000,.0003392,.263553,.0001359,.0115182,.0016923,10,.0012872
"Colombia",1970,0,1,1970,.0008802,.1928749,-.0123351,.0105956,.0088536,9,.0045636
"Colombia",1971,0,1,1970,.0008763,.196254,-.0123956,.0106498,.0088536,9,.004465
"Colombia",1972,0,1,1970,.0008958,.1929171,-.012479,.0107687,.0088536,9,.0046436
"Colombia",1973,0,1,1970,.0009297,.190581,-.0126248,.0109587,.0088536,9,.0048782
"Colombia",1974,0,1,1970,.0009225,.1890803,-.0126095,.0109416,.0088536,9,.0048789
"Colombia",1975,0,1,1970,.0009135,.191365,-.0125845,.0109072,.0088536,9,.0047737
"Colombia",1976,0,1,1970,.0009437,.1903285,-.0127063,.0110833,.0088536,9,.004958
"Colombia",1977,0,1,1970,.0009373,.1873606,-.0126183,.0109874,.0088536,9,.0050028
"Colombia",1978,0,1,1970,.0009059,.1904512,-.0126221,.0109491,.0088536,9,.0047564
"Colombia",1979,0,1,1970,.0008868,.1931161,-.0126309,.0109371,.0088536,9,.0045919
"Colombia",1980,0,1,1980,.0009126,.1916648,-.0007444,.0111998,.0013812,10,.0047616
"Colombia",1981,0,1,1980,.0008736,.1953469,-.0006895,.0110232,.0013812,10,.0044722
"Colombia",1982,0,1,1980,.0008825,.1973374,-.0006886,.0110562,.0013812,10,.0044719
"Colombia",1983,0,1,1980,.0008858,.1968924,-.000691,.011074,.0013812,10,.0044991
"Colombia",1984,0,1,1980,.0009357,.192556,-.0007476,.0113472,.0013812,10,.0048595
"Colombia",1985,0,1,1980,.0009452,.1861181,-.0007716,.0114478,.0013812,10,.0050783
"Colombia",1986,0,1,1980,.0010146,.1844084,-.000855,.0116776,.0013812,10,.0055019
"Colombia",1987,0,1,1980,.0010019,.1851676,-.0008596,.0115602,.0013812,10,.005411
"Colombia",1988,0,1,1980,.0010111,.1831024,-.0008537,.0116885,.0013812,10,.0055221
"Colombia",1989,0,1,1980,.0010645,.186332,-.0008947,.0118395,.0013812,10,.0057129
"Colombia",1990,0,1,1990,.0009042,.1883645,-.0027967,.0118631,.0138537,10,.0048002
"Colombia",1991,0,1,1990,.0008831,.186696,-.0027012,.0117356,.0138537,10,.0047299
"Colombia",1992,0,1,1990,.0008458,.1861709,-.0024668,.0115402,.0138537,10,.0045431
"Colombia",1993,0,1,1990,.0008483,.1857333,-.0022519,.0114876,.0138537,10,.0045673
"Colombia",1994,0,1,1990,.0008375,.1876692,-.0020838,.0112939,.0138537,10,.0044628
"Colombia",1995,0,1,1990,.0008512,.1925906,-.0021166,.0113142,.0138537,10,.0044197
"Colombia",1996,0,1,1990,.000871,.2068718,-.0022259,.0112949,.0138537,10,.0042103
"Colombia",1997,0,1,1990,.0008694,.2134245,-.0021499,.0111378,.0138537,10,.0040736
"Colombia",1998,0,1,1990,.0008523,.2117801,-.0021471,.0110798,.0138537,10,.0040243
"Colombia",1999,0,1,1990,.0008888,.2173231,-.0025172,.0113055,.0138537,10,.0040897
"Colombia",2000,0,1,2000,.0004602,.2124546,.0006982,.011616,.0063238,10,.0021663
"Colombia",2001,0,1,2000,.0004431,.2079784,.0007126,.0115265,.0063238,10,.0021304
"Colombia",2002,0,1,2000,.0004365,.2058743,.0007356,.0114742,.0063238,10,.0021201
"Colombia",2003,0,1,2000,.0004646,.2019704,.0006595,.011729,.0063238,10,.0023004
"Colombia",2004,0,1,2000,.0004777,.1983083,.000663,.0118912,.0063238,10,.0024087
"Colombia",2005,0,1,2000,.000486,.1965773,.0006533,.0119735,.0063238,10,.0024723
"Colombia",2006,0,1,2000,.000496,.1934714,.0006561,.0120771,.0063238,10,.0025638
"Colombia",2007,0,1,2000,.000491,.1934718,.0006781,.012077,.0063238,10,.002538
"Colombia",2008,0,1,2000,.0004999,.1941068,.00073,.0120937,.0063238,10,.0025754
"Colombia",2009,0,1,2000,.0004726,.1917771,.000869,.0118706,.0063238,10,.0024643
"Indonesia",1970,0,1,1970,.0009209,.2464083,.0037687,.0090377,.0059728,9,.0037372
"Indonesia",1971,0,1,1970,.0008509,.2282401,.0036917,.009309,.0059728,9,.003728
"Indonesia",1972,0,1,1970,.0007945,.2098767,.0034547,.0099892,.0059728,9,.0037857
"Indonesia",1973,0,1,1970,.0008044,.2116175,.00339,.0101391,.0059728,9,.0038014
"Indonesia",1974,0,1,1970,.0007856,.2072484,.0030178,.0114137,.0059728,9,.0037905
"Indonesia",1975,0,1,1970,.0007411,.1974314,.0031217,.0112376,.0059728,9,.0037535
"Indonesia",1976,0,1,1970,.0007332,.1936342,.0031162,.0112729,.0059728,9,.0037865
"Indonesia",1977,0,1,1970,.0007296,.1928083,.0031018,.0112834,.0059728,9,.0037841
"Indonesia",1978,0,1,1970,.000732,.1900321,.0030021,.0115391,.0059728,9,.0038517
"Indonesia",1979,0,1,1970,.0007442,.1930593,.0029019,.0118903,.0059728,9,.0038549
"Indonesia",1980,0,1,1980,.000891,.2019494,.0086529,.0128004,.0077441,10,.0044119
"Indonesia",1981,0,1,1980,.00082,.192429,.0086063,.0125032,.0077441,10,.0042611
"Indonesia",1982,0,1,1980,.0007239,.1832017,.0085167,.0119939,.0077441,10,.0039511
"Indonesia",1983,0,1,1980,.0007806,.1860649,.0085609,.0123059,.0077441,10,.0041952
"Indonesia",1984,0,1,1980,.0007768,.1852186,.0085124,.0123244,.0077441,10,.0041942
"Indonesia",1985,0,1,1980,.0006929,.1772583,.0083961,.0119074,.0077441,10,.0039089
"Indonesia",1986,0,1,1980,.0006511,.1754028,.008323,.0116562,.0077441,10,.0037119
"Indonesia",1987,0,1,1980,.0007099,.179866,.0083912,.012037,.0077441,10,.0039468
"Indonesia",1988,0,1,1980,.0007367,.1809517,.0083659,.0122792,.0077441,10,.0040714
"Indonesia",1989,0,1,1980,.0007577,.1826107,.0083966,.0124045,.0077441,10,.0041494
"Indonesia",1990,0,1,1990,.0016323,.181961,.023134,.0125303,.0901891,10,.0089705
"Indonesia",1991,0,1,1990,.0017009,.1843581,.0235505,.0127396,.0901891,10,.009226
"Indonesia",1992,0,1,1990,.0016101,.1813005,.0231499,.0125923,.0901891,10,.0088811
"Indonesia",1993,0,1,1990,.0015467,.1789924,.02288,.0125487,.0901891,10,.008641
"Indonesia",1994,0,1,1990,.0015531,.1796148,.0230049,.0126455,.0901891,10,.0086471
"Indonesia",1995,0,1,1990,.0016051,.1820375,.0233307,.0127901,.0901891,10,.0088173
"Indonesia",1996,0,1,1990,.0016768,.1859959,.0238005,.0130123,.0901891,10,.0090152
"Indonesia",1997,0,1,1990,.0017427,.1911364,.0242307,.0131851,.0901891,10,.0091178
"Indonesia",1998,0,1,1990,.0019248,.1957989,.0248854,.0133267,.0901891,10,.0098307
"Indonesia",1999,0,1,1990,.0018177,.1941442,.0244608,.0131073,.0901891,10,.0093624
"Indonesia",2000,0,1,2000,.0009085,.2004456,-.0071355,.0135287,.0065536,10,.0045322
"Indonesia",2001,0,1,2000,.0009037,.2016136,-.0071717,.0135849,.0065536,10,.0044825
"Indonesia",2002,0,1,2000,.0008273,.1934932,-.007006,.0132618,.0065536,10,.0042756
"Indonesia",2003,0,1,2000,.0008031,.1903144,-.0069483,.0131491,.0065536,10,.0042199
"Indonesia",2004,0,1,2000,.0008205,.1910046,-.0070131,.0132599,.0065536,10,.0042955
"Indonesia",2005,0,1,2000,.000876,.1941686,-.0071611,.0135325,.0065536,10,.0045117
"Indonesia",2006,0,1,2000,.0008716,.1930244,-.0071703,.0135355,.0065536,10,.0045155
"Indonesia",2007,0,1,2000,.0008667,.1916219,-.0071356,.0134685,.0065536,10,.004523
"Indonesia",2008,0,1,2000,.000878,.1931182,-.0071806,.0135303,.0065536,10,.0045464
"Indonesia",2009,0,1,2000,.000836,.1862298,-.0070632,.0132803,.0065536,10,.0044892
"Kuwait",1970,1,0,1970,.0188546,.4439444,-.0020296,.0201887,.0044482,9,.0424707
"Kuwait",1971,1,0,1970,.0217185,.4976481,-.0018188,.0215708,.0044482,9,.0436424
"Kuwait",1972,1,0,1970,.0200476,.4659834,-.0019374,.0207935,.0044482,9,.0430221
"Kuwait",1973,1,0,1970,.0199487,.4630277,-.0019348,.0207813,.0044482,9,.0430832
"Kuwait",1974,1,0,1970,.0301553,.6627986,-.0012784,.0255854,.0044482,9,.045497
"Kuwait",1975,1,0,1970,.0247721,.5533569,-.001606,.0231848,.0044482,9,.0447669
"Kuwait",1976,1,0,1970,.0221221,.4998574,-.0017954,.0220002,.0044482,9,.0442568
"Kuwait",1977,1,0,1970,.0197205,.4538134,-.0019788,.0208469,.0044482,9,.0434552
"Kuwait",1978,1,0,1970,.0187192,.4343008,-.0020456,.0203957,.0044482,9,.043102
"Kuwait",1979,1,0,1970,.0217101,.4923747,-.0017854,.0219186,.0044482,9,.0440927
"Kuwait",1980,1,0,1980,.015823,.4800784,.0010725,.0214597,.0043876,10,.0329592
"Kuwait",1981,1,0,1980,.0127517,.4015717,.0004393,.0193187,.0043876,10,.0317545
"Kuwait",1982,1,0,1980,.0080187,.3076416,-.0008946,.0154592,.0043876,10,.0260651
"Kuwait",1983,1,0,1980,.0094746,.3333131,-.0004649,.0167205,.0043876,10,.0284254
"Kuwait",1984,1,0,1980,.0104072,.3547765,-.0001827,.0174336,.0043876,10,.0293346
"Kuwait",1985,1,0,1980,.0096853,.3389563,-.0003982,.0168401,.0043876,10,.0285739
"Kuwait",1986,1,0,1980,.0071951,.2818475,-.0013336,.0145562,.0043876,10,.0255283
"Kuwait",1987,1,0,1980,.0085932,.304664,-.0008727,.0157708,.0043876,10,.0282055
"Kuwait",1988,1,0,1980,.0073229,.2818673,-.0013601,.0145392,.0043876,10,.02598
"Kuwait",1989,1,0,1980,.0092386,.312338,-.0006699,.0162956,.0043876,10,.0295788
"Kuwait",1990,1,0,1990,.054399,.3226815,.019814,.0159179,.0952297,10,.1685842
"Kuwait",1991,1,0,1990,.0326729,.3891118,.0101647,.0105436,.0952297,10,.083968
"Kuwait",1992,1,0,1990,.0409141,.29628,.0168024,.0139077,.0952297,10,.1380926
"Kuwait",1993,1,0,1990,.053959,.3198373,.01926,.0158219,.0952297,10,.1687076
"Kuwait",1994,1,0,1990,.0515015,.309319,.0192903,.0156276,.0952297,10,.1664997
"Kuwait",1995,1,0,1990,.053894,.3146442,.0197313,.0159792,.0952297,10,.1712855
"Kuwait",1996,1,0,1990,.0636913,.3428323,.0211678,.0172343,.0952297,10,.1857798
"Kuwait",1997,1,0,1990,.0576117,.3253214,.0205518,.0165261,.0952297,10,.1770918
"Kuwait",1998,1,0,1990,.0447371,.2992685,.0182115,.0146216,.0952297,10,.1494884
"Kuwait",1999,1,0,1990,.0519567,.3145118,.0193913,.0156254,.0952297,10,.165198
"Kuwait",2000,1,0,2000,.0039069,.365729,.0025819,.0172833,.00186,10,.0106825
"Kuwait",2001,1,0,2000,.0033543,.3418129,.0024125,.0161412,.00186,10,.0098131
"Kuwait",2002,1,0,2000,.0029974,.322603,.0023121,.0154425,.00186,10,.0092912
"Kuwait",2003,1,0,2000,.0032397,.3290845,.0023948,.0159548,.00186,10,.0098446
"Kuwait",2004,1,0,2000,.0036404,.3431147,.0025224,.0167794,.00186,10,.0106098
"Kuwait",2005,1,0,2000,.004295,.3836031,.0026872,.0180189,.00186,10,.0111966
"Kuwait",2006,1,0,2000,.0046396,.403217,.0027566,.0185991,.00186,10,.0115064
"Kuwait",2007,1,0,2000,.0042801,.3892885,.0026579,.0178841,.00186,10,.0109948
"Kuwait",2008,1,0,2000,.0050663,.431573,.0028546,.019376,.00186,10,.0117392
"Kuwait",2009,1,0,2000,.0034601,.3516533,.002417,.0161899,.00186,10,.0098395
"Netherlands",1970,0,1,1970,.0004539,.1925937,-.0135006,.0123665,.0081348,9,.0023566
"Netherlands",1971,0,1,1970,.0004483,.1951578,-.0134536,.0123189,.0081348,9,.0022972
"Netherlands",1972,0,1,1970,.0004472,.1989148,-.0134107,.0122807,.0081348,9,.0022484
"Netherlands",1973,0,1,1970,.0004463,.2010244,-.0133842,.012258,.0081348,9,.0022199
"Netherlands",1974,0,1,1970,.0004611,.2072259,-.0134612,.0123494,.0081348,9,.0022249
"Netherlands",1975,0,1,1970,.0004499,.2130211,-.0132844,.0121768,.0081348,9,.0021121
"Netherlands",1976,0,1,1970,.0004597,.2153361,-.013316,.0122207,.0081348,9,.0021347
"Netherlands",1977,0,1,1970,.0004487,.2192376,-.013213,.0121158,.0081348,9,.0020465
"Netherlands",1978,0,1,1970,.0004298,.2234037,-.0130617,.0119545,.0081348,9,.0019239
"Netherlands",1979,0,1,1970,.0004358,.2278192,-.0130708,.0119746,.0081348,9,.0019129
"Netherlands",1980,0,1,1980,.0008226,.2281937,-.0160332,.0120232,.0335269,10,.0036046
"Netherlands",1981,0,1,1980,.0008618,.2289992,-.0161041,.0120744,.0335269,10,.0037634
"Netherlands",1982,0,1,1980,.0008533,.2327314,-.0160835,.0120214,.0335269,10,.0036663
"Netherlands",1983,0,1,1980,.0008568,.2355762,-.0160921,.0120234,.0335269,10,.0036371
"Netherlands",1984,0,1,1980,.0008909,.2325013,-.0161187,.0121441,.0335269,10,.0038318
"Netherlands",1985,0,1,1980,.0009193,.2319018,-.0161648,.0122199,.0335269,10,.0039641
"Netherlands",1986,0,1,1980,.0007975,.2298083,-.0159083,.0118934,.0335269,10,.0034701
"Netherlands",1987,0,1,1980,.0007292,.2313958,-.0157763,.0116944,.0335269,10,.0031515
"Netherlands",1988,0,1,1980,.0007124,.2298764,-.0157479,.011665,.0335269,10,.0030991
"Netherlands",1989,0,1,1980,.0007067,.2270015,-.0157123,.0116436,.0335269,10,.0031132
"Netherlands",1990,0,1,1990,.0006606,.2271326,-.0020264,.0116621,.0076483,10,.0029086
"Netherlands",1991,0,1,1990,.0006562,.230099,-.002005,.0116173,.0076483,10,.002852
"Netherlands",1992,0,1,1990,.0006229,.2344394,-.0019768,.0114956,.0076483,10,.002657
"Netherlands",1993,0,1,1990,.0006138,.2394294,-.0019623,.0114675,.0076483,10,.0025634
"Netherlands",1994,0,1,1990,.0006065,.2411125,-.0019545,.0114313,.0076483,10,.0025155
"Netherlands",1995,0,1,1990,.0006149,.2424269,-.0019627,.0114657,.0076483,10,.0025366
"Netherlands",1996,0,1,1990,.000608,.2476538,-.0019407,.0114151,.0076483,10,.002455
"Netherlands",1997,0,1,1990,.0005807,.2481045,-.0019119,.0112902,.0076483,10,.0023405
"Netherlands",1998,0,1,1990,.0005618,.2505978,-.0018967,.0112389,.0076483,10,.0022419
"Netherlands",1999,0,1,1990,.0005401,.2553653,-.0018641,.0111516,.0076483,10,.0021151
"Netherlands",2000,0,1,2000,.0003741,.2541034,-.0020647,.0111951,.0034848,10,.0014723
"Netherlands",2001,0,1,2000,.0003675,.2591587,-.0020392,.0111469,.0034848,10,.001418
"Netherlands",2002,0,1,2000,.0003539,.2620318,-.0020055,.0110872,.0034848,10,.0013507
"Netherlands",2003,0,1,2000,.0003534,.2667271,-.002001,.0110655,.0034848,10,.001325
"Netherlands",2004,0,1,2000,.0003567,.2691455,-.0020161,.0110863,.0034848,10,.0013254
"Netherlands",2005,0,1,2000,.0003655,.270199,-.0020372,.011123,.0034848,10,.0013527
"Netherlands",2006,0,1,2000,.0003765,.2693891,-.0020577,.0111579,.0034848,10,.0013975
"Netherlands",2007,0,1,2000,.0003761,.2689968,-.002061,.0111721,.0034848,10,.0013982
"Netherlands",2008,0,1,2000,.0003974,.2720779,-.0021062,.0112628,.0034848,10,.0014607
"Netherlands",2009,0,1,2000,.0003519,.2901543,-.0019776,.0110367,.0034848,10,.0012129
"Nigeria",1970,0,1,1970,.0019008,.2655346,-.0031349,.0090393,.0039717,9,.0071585
"Nigeria",1971,0,1,1970,.001882,.253852,-.0031776,.0094333,.0039717,9,.0074138
"Nigeria",1972,0,1,1970,.001829,.2324772,-.0032772,.0099757,.0039717,9,.0078675
"Nigeria",1973,0,1,1970,.0020373,.221898,-.0033854,.0111933,.0039717,9,.009181
"Nigeria",1974,0,1,1970,.0023449,.2334916,-.0034802,.0121576,.0039717,9,.0100428
"Nigeria",1975,0,1,1970,.002017,.2078739,-.0034786,.0115753,.0039717,9,.0097031
"Nigeria",1976,0,1,1970,.0020805,.2086809,-.0035267,.0119815,.0039717,9,.0099699
"Nigeria",1977,0,1,1970,.0020559,.2093129,-.0035021,.0118519,.0039717,9,.0098223
"Nigeria",1978,0,1,1970,.002109,.2130478,-.003544,.0120054,.0039717,9,.0098993
"Nigeria",1979,0,1,1970,.0022826,.2225413,-.0036127,.0125568,.0039717,9,.0102571
"Nigeria",1980,0,1,1980,.0043182,.223389,.0136783,.0128391,.0522517,10,.0193303
"Nigeria",1981,0,1,1980,.003741,.2048867,.0133241,.0121496,.0522517,10,.0182591
"Nigeria",1982,0,1,1980,.003488,.2047423,.0127927,.0113995,.0522517,10,.0170361
"Nigeria",1983,0,1,1980,.0032975,.207989,.0122501,.0107502,.0522517,10,.0158542
"Nigeria",1984,0,1,1980,.0035665,.2302957,.0119797,.0103102,.0522517,10,.0154865
"Nigeria",1985,0,1,1980,.0036962,.2294513,.0121572,.0106559,.0522517,10,.0161091
"Nigeria",1986,0,1,1980,.0034757,.2259745,.0118961,.0101992,.0522517,10,.0153808
"Nigeria",1987,0,1,1980,.0043209,.2487336,.0126741,.0115462,.0522517,10,.0173717
"Nigeria",1988,0,1,1980,.0042447,.2583231,.0121135,.0109024,.0522517,10,.0164319
"Nigeria",1989,0,1,1980,.0053665,.2772396,.0135284,.013239,.0522517,10,.0193568
"Nigeria",1990,0,1,1990,.010955,.285454,-.0155758,.0135935,.0212599,10,.0383774
"Nigeria",1991,0,1,1990,.0110678,.2847466,-.015662,.0136959,.0212599,10,.0388689
"Nigeria",1992,0,1,1990,.0153107,.3297088,-.0172155,.0154452,.0212599,10,.0464371
"Nigeria",1993,0,1,1990,.0099581,.2840147,-.0152006,.0130911,.0212599,10,.0350621
"Nigeria",1994,0,1,1990,.0060133,.2568699,-.013263,.0112544,.0212599,10,.0234098
"Nigeria",1995,0,1,1990,.0117783,.3010122,-.0159647,.0138773,.0212599,10,.039129
"Nigeria",1996,0,1,1990,.0132304,.3175199,-.016516,.0144472,.0212599,10,.0416681
"Nigeria",1997,0,1,1990,.0109716,.2991183,-.0156462,.0134411,.0212599,10,.0366797
"Nigeria",1998,0,1,1990,.0065291,.2671592,-.0134819,.0113591,.0212599,10,.0244389
"Nigeria",1999,0,1,1990,.0082064,.2688766,-.014299,.0122146,.0212599,10,.0305211
"Nigeria",2000,0,1,2000,.0069403,.3298008,.0077472,.0154652,.0064925,10,.0210438
"Nigeria",2001,0,1,2000,.0068294,.2788881,.0067092,.0128049,.0064925,10,.024488
"Nigeria",2002,0,1,2000,.0101651,.3218604,.0054511,.0105155,.0064925,10,.0315822
"Nigeria",2003,0,1,2000,.0088987,.3096567,.0060858,.0117317,.0064925,10,.0287372
"Nigeria",2004,0,1,2000,.0071684,.2890959,.0067436,.0129334,.0064925,10,.0247958
"Nigeria",2005,0,1,2000,.0070344,.2921576,.0068765,.013262,.0064925,10,.0240773
"Nigeria",2006,0,1,2000,.0067027,.2828236,.0068174,.0130305,.0064925,10,.0236994
"Nigeria",2007,0,1,2000,.0067212,.2789977,.0067024,.0127706,.0064925,10,.0240905
"Nigeria",2008,0,1,2000,.0068785,.2854443,.0067509,.0129254,.0064925,10,.0240974
"Nigeria",2009,0,1,2000,.0070869,.2689373,.0060785,.0114077,.0064925,10,.0263516
"Norway",1970,0,1,1970,.0006081,.1761831,-.009552,.0118197,.0045537,9,.0034518
"Norway",1971,0,1,1970,.0005871,.1777282,-.0094833,.0117399,.0045537,9,.0033031
"Norway",1972,0,1,1970,.0005878,.1802442,-.0095279,.0117957,.0045537,9,.0032612
"Norway",1973,0,1,1970,.0005962,.1819017,-.0095489,.0118244,.0045537,9,.0032775
"Norway",1974,0,1,1970,.0006146,.182868,-.0096521,.0119478,.0045537,9,.0033611
"Norway",1975,0,1,1970,.000639,.1882644,-.0097854,.0121402,.0045537,9,.0033941
"Norway",1976,0,1,1970,.0006328,.1907959,-.0097136,.0120778,.0045537,9,.0033168
"Norway",1977,0,1,1970,.0006257,.1929968,-.0096804,.0120473,.0045537,9,.0032419
"Norway",1978,0,1,1970,.0006564,.1960903,-.0097329,.0121702,.0045537,9,.0033473
"Norway",1979,0,1,1970,.0007684,.2034049,-.010069,.012649,.0045537,9,.0037779
"Norway",1980,0,1,1980,.0009464,.210149,-.0094885,.013038,.0145094,10,.0045037
"Norway",1981,0,1,1980,.0009783,.2137784,-.0095526,.0130999,.0145094,10,.0045764
"Norway",1982,0,1,1980,.0009799,.2178176,-.0096002,.0130948,.0145094,10,.0044986
"Norway",1983,0,1,1980,.0010411,.2231551,-.0096838,.0133133,.0145094,10,.0046655
"Norway",1984,0,1,1980,.0011235,.2271577,-.0097524,.0135874,.0145094,10,.0049457
"Norway",1985,0,1,1980,.0010986,.2272004,-.0097449,.0135082,.0145094,10,.0048354
"Norway",1986,0,1,1980,.0007789,.2135609,-.009405,.0123649,.0145094,10,.0036473
"Norway",1987,0,1,1980,.000741,.2166269,-.0093828,.0122145,.0145094,10,.0034209
"Norway",1988,0,1,1980,.000677,.2156297,-.0093138,.0119553,.0145094,10,.0031396
"Norway",1989,0,1,1980,.0007741,.2223454,-.0094753,.0122658,.0145094,10,.0034815
"Norway",1990,0,1,1990,.0004223,.2266777,-.0014648,.0123771,.0057838,10,.001863
"Norway",1991,0,1,1990,.0004183,.2289453,-.0014635,.0122992,.0057838,10,.0018271
"Norway",1992,0,1,1990,.0004152,.2347936,-.0014563,.0122637,.0057838,10,.0017682
"Norway",1993,0,1,1990,.0004153,.2361381,-.0014591,.0122716,.0057838,10,.0017586
"Norway",1994,0,1,1990,.0004151,.234531,-.0014617,.0122987,.0057838,10,.0017698
"Norway",1995,0,1,1990,.0004236,.2318941,-.0014669,.0124376,.0057838,10,.0018267
"Norway",1996,0,1,1990,.0004658,.2363828,-.0014511,.0128327,.0057838,10,.0019706
"Norway",1997,0,1,1990,.0004717,.2368833,-.0014548,.0128866,.0057838,10,.0019911
"Norway",1998,0,1,1990,.0004007,.2335105,-.0014621,.012176,.0057838,10,.0017158
"Norway",1999,0,1,1990,.0004364,.2408409,-.0014486,.0125151,.0057838,10,.0018119
"Norway",2000,0,1,2000,.0003932,.2555579,.0001498,.0137553,.0010362,10,.0015386
"Norway",2001,0,1,2000,.0003866,.2544408,.0001761,.0134631,.0010362,10,.0015195
"Norway",2002,0,1,2000,.0003809,.2555179,.0002184,.0130577,.0010362,10,.0014906
"Norway",2003,0,1,2000,.0003871,.2607744,.0002155,.0130552,.0010362,10,.0014844
"Norway",2004,0,1,2000,.0003935,.261826,.0001877,.0133714,.0010362,10,.0015027
"Norway",2005,0,1,2000,.0004087,.2673697,.0001374,.0139027,.0010362,10,.0015285
"Norway",2006,0,1,2000,.0004154,.2682835,.0001119,.0142409,.0010362,10,.0015484
"Norway",2007,0,1,2000,.0004005,.2632954,.000163,.0137453,.0010362,10,.001521
"Norway",2008,0,1,2000,.0004252,.2763307,.000106,.0143468,.0010362,10,.0015386
"Norway",2009,0,1,2000,.0004037,.271767,.0001945,.0134041,.0010362,10,.0014855
"Oman",1970,1,0,1970,.0128577,.3634469,.0328893,.0173848,.0381002,9,.035377
"Oman",1971,1,0,1970,.0100901,.3020087,.0306398,.0158899,.0381002,9,.03341
"Oman",1972,1,0,1970,.0086889,.2812902,.029647,.0151026,.0381002,9,.0308896
"Oman",1973,1,0,1970,.0086741,.2845424,.0303279,.0155082,.0381002,9,.0304844
"Oman",1974,1,0,1970,.0122551,.3866206,.0347217,.0188046,.0381002,9,.031698
"Oman",1975,1,0,1970,.011015,.362873,.0337708,.0179195,.0381002,9,.030355
"Oman",1976,1,0,1970,.0118223,.380498,.034409,.0185397,.0381002,9,.0310706
"Oman",1977,1,0,1970,.0112723,.3690531,.0340121,.0181042,.0381002,9,.0305439
"Oman",1978,1,0,1970,.0100222,.3420461,.0328837,.0171312,.0381002,9,.0293007
"Oman",1979,1,0,1970,.0111996,.3688878,.0339606,.0179746,.0381002,9,.0303605
"Oman",1980,1,0,1980,.0031438,.424547,.0057889,.0195691,.0076898,10,.007405
"Oman",1981,1,0,1980,.0030192,.4059603,.0057824,.019175,.0076898,10,.0074371
"Oman",1982,1,0,1980,.0027541,.3695924,.0057837,.0182246,.0076898,10,.0074517
"Oman",1983,1,0,1980,.0025654,.3422244,.0057902,.0174771,.0076898,10,.0074961
"Oman",1984,1,0,1980,.0024857,.3279163,.0058072,.0171058,.0076898,10,.0075803
"Oman",1985,1,0,1980,.0025329,.3435221,.0057753,.0174669,.0076898,10,.0073733
"Oman",1986,1,0,1980,.0021043,.2930889,.0058196,.0154766,.0076898,10,.0071797
"Oman",1987,1,0,1980,.0023619,.3374539,.0057793,.0166293,.0076898,10,.006999
"Oman",1988,1,0,1980,.0020817,.3061916,.0057523,.0154147,.0076898,10,.0067986
"Oman",1989,1,0,1980,.0022484,.3283139,.0057449,.0161363,.0076898,10,.0068484
"Oman",1990,1,0,1990,.0024873,.3580366,-.0045694,.0170376,.0024965,10,.006947
"Oman",1991,1,0,1990,.0020797,.3207376,-.0042136,.0158805,.0024965,10,.006484
"Oman",1992,1,0,1990,.0020252,.315358,-.0041472,.0157438,.0024965,10,.0064218
"Oman",1993,1,0,1990,.0018055,.3000139,-.0039425,.0150697,.0024965,10,.0060179
"Oman",1994,1,0,1990,.001773,.3004497,-.0039305,.0149507,.0024965,10,.005901
"Oman",1995,1,0,1990,.0018676,.3034863,-.0040671,.0152904,.0024965,10,.0061538
"Oman",1996,1,0,1990,.0021086,.3225958,-.0042844,.016021,.0024965,10,.0065365
"Oman",1997,1,0,1990,.0019765,.3054872,-.0041323,.0156377,.0024965,10,.0064701
"Oman",1998,1,0,1990,.0014683,.2671769,-.0035932,.0140189,.0024965,10,.0054957
"Oman",1999,1,0,1990,.0019231,.3057567,-.004123,.0154754,.0024965,10,.0062895
"Oman",2000,1,0,2000,.0015863,.3599296,-.0004176,.0176084,.0027954,10,.0044072
"Oman",2001,1,0,2000,.0014858,.3246509,-.0004462,.0167731,.0027954,10,.0045765
"Oman",2002,1,0,2000,.0014393,.3152864,-.0004663,.0164907,.0027954,10,.0045651
"Oman",2003,1,0,2000,.0014287,.3095359,-.0004729,.0164303,.0027954,10,.0046155
"Oman",2004,1,0,2000,.0014485,.3129176,-.0004656,.0166336,.0027954,10,.004629
"Oman",2005,1,0,2000,.0016581,.3527435,-.0004155,.0180162,.0027954,10,.0047007
"Oman",2006,1,0,2000,.0016781,.3409456,-.0004135,.0179394,.0027954,10,.004922
"Oman",2007,1,0,2000,.0015826,.3168593,-.0004518,.0173001,.0027954,10,.0049947
"Oman",2008,1,0,2000,.0017907,.3568469,-.0003969,.0186622,.0027954,10,.0050182
"Oman",2009,1,0,2000,.0016797,.3372412,-.0004208,.0179577,.0027954,10,.0049806
"Qatar",1970,1,0,1970,.011847,.4736023,-.0091477,.0212548,.0086413,9,.0250147
"Qatar",1971,1,0,1970,.0116746,.4677638,-.0091119,.0211175,.0086413,9,.0249584
"Qatar",1972,1,0,1970,.0119759,.4782489,-.0091738,.0213525,.0086413,9,.0250411
"Qatar",1973,1,0,1970,.011892,.4748575,-.0091574,.0212953,.0086413,9,.0250432
"Qatar",1974,1,0,1970,.0111676,.4506811,-.0090045,.0207109,.0086413,9,.0247794
"Qatar",1975,1,0,1970,.0129132,.5110803,-.0093606,.0220757,.0086413,9,.0252665
"Qatar",1976,1,0,1970,.0116449,.4649027,-.0091082,.0211257,.0086413,9,.0250481
"Qatar",1977,1,0,1970,.0091698,.3859125,-.008548,.0190561,.0086413,9,.0237614
"Qatar",1978,1,0,1970,.0092074,.3904571,-.0086785,.0190064,.0086413,9,.0235812
"Qatar",1979,1,0,1970,.0114597,.4627825,-.0092138,.0208879,.0086413,9,.0247627
"Qatar",1980,1,0,1980,.0025846,.4955163,.0046842,.0215107,.0034553,10,.0052159
"Qatar",1981,1,0,1980,.0024332,.4629464,.0045984,.0208023,.0034553,10,.005256
"Qatar",1982,1,0,1980,.0020606,.3840836,.004228,.0184044,.0034553,10,.0053649
"Qatar",1983,1,0,1980,.0018966,.345574,.0039504,.0166965,.0034553,10,.0054883
"Qatar",1984,1,0,1980,.0018996,.3468141,.0039614,.0167822,.0034553,10,.0054772
"Qatar",1985,1,0,1980,.0018712,.3402417,.0038857,.0163996,.0034553,10,.0054995
"Qatar",1986,1,0,1980,.0018057,.3152088,.0034758,.014228,.0034553,10,.0057287
"Qatar",1987,1,0,1980,.0017832,.3109105,.0035171,.0143897,.0034553,10,.0057354
"Qatar",1988,1,0,1980,.0017525,.3016259,.0034703,.014199,.0034553,10,.0058102
"Qatar",1989,1,0,1980,.0017437,.3031901,.0036324,.0149422,.0034553,10,.0057513
"Qatar",1990,1,0,1990,.00206,.3260276,-.002834,.0162599,.0029017,10,.0063185
"Qatar",1991,1,0,1990,.0017321,.3063671,-.002655,.0152119,.0029017,10,.0056536
"Qatar",1992,1,0,1990,.0018337,.3134385,-.0027084,.0155307,.0029017,10,.0058504
"Qatar",1993,1,0,1990,.0016496,.3036573,-.0025959,.014924,.0029017,10,.0054323
"Qatar",1994,1,0,1990,.0016287,.2910759,-.0025535,.014887,.0029017,10,.0055953
"Qatar",1995,1,0,1990,.0017909,.3018997,-.0026329,.015377,.0029017,10,.0059322
"Qatar",1996,1,0,1990,.001866,.3070209,-.002664,.0155964,.0029017,10,.0060779
"Qatar",1997,1,0,1990,.0021299,.3203714,-.0028052,.0164426,.0029017,10,.0066483
"Qatar",1998,1,0,1990,.0016624,.2896475,-.0025336,.0149648,.0029017,10,.0057395
"Qatar",1999,1,0,1990,.0022943,.3379939,-.0028965,.0168764,.0029017,10,.006788
"Qatar",2000,1,0,2000,.0047049,.4408843,.0071409,.0201475,.0054149,10,.0106716
"Qatar",2001,1,0,2000,.0044009,.408766,.0070948,.0193635,.0054149,10,.0107662
"Qatar",2002,1,0,2000,.0044548,.4091085,.0071239,.0195264,.0054149,10,.010889
"Qatar",2003,1,0,2000,.0046877,.4270913,.0071917,.0201523,.0054149,10,.0109759
"Qatar",2004,1,0,2000,.0044626,.3989652,.0071593,.0195819,.0054149,10,.0111855
"Qatar",2005,1,0,2000,.0048134,.4354463,.0072244,.0204586,.0054149,10,.011054
"Qatar",2006,1,0,2000,.0048246,.4390255,.0071984,.0205797,.0054149,10,.0109893
"Qatar",2007,1,0,2000,.0045986,.4049256,.007233,.0199043,.0054149,10,.0113567
"Qatar",2008,1,0,2000,.0043672,.3783139,.0071808,.0192124,.0054149,10,.0115439
"Qatar",2009,1,0,2000,.0036744,.3271359,.0069593,.0172689,.0054149,10,.0112322
"Saudi Arabia",1970,1,0,1970,.0180543,.339518,.0083658,.0171107,.0063594,9,.0531763
"Saudi Arabia",1971,1,0,1970,.0235906,.4039278,.0087795,.0190533,.0063594,9,.058403
"Saudi Arabia",1972,1,0,1970,.0251764,.4237217,.0088951,.0195953,.0063594,9,.0594173
"Saudi Arabia",1973,1,0,1970,.026893,.4443659,.0090221,.0202015,.0063594,9,.0605198
"Saudi Arabia",1974,1,0,1970,.0391463,.6073219,.0097793,.0242681,.0063594,9,.0644572
"Saudi Arabia",1975,1,0,1970,.0262087,.4419436,.0090964,.0201096,.0063594,9,.0593033
"Saudi Arabia",1976,1,0,1970,.0240783,.4141521,.0089619,.0194233,.0063594,9,.0581389
"Saudi Arabia",1977,1,0,1970,.0208423,.3745368,.0087203,.0182897,.0063594,9,.0556482
"Saudi Arabia",1978,1,0,1970,.0158852,.3235383,.0083213,.01649,.0063594,9,.0490985
"Saudi Arabia",1979,1,0,1970,.0193478,.3570445,.008602,.0177766,.0063594,9,.0541888
"Saudi Arabia",1980,1,0,1980,.0092553,.425735,.0060141,.0197945,.0019814,10,.0217395
"Saudi Arabia",1981,1,0,1980,.0088187,.4095689,.0059358,.0194511,.0019814,10,.0215317
"Saudi Arabia",1982,1,0,1980,.0058115,.3245721,.005359,.0165456,.0019814,10,.0179051
"Saudi Arabia",1983,1,0,1980,.003661,.2796075,.0048155,.0142889,.0019814,10,.0130932
"Saudi Arabia",1984,1,0,1980,.0032288,.2706894,.00467,.0137692,.0019814,10,.0119282
"Saudi Arabia",1985,1,0,1980,.0026372,.2625206,.0044595,.0129945,.0019814,10,.0100458
"Saudi Arabia",1986,1,0,1980,.0021693,.2533653,.0042656,.0123359,.0019814,10,.008562
"Saudi Arabia",1987,1,0,1980,.0023879,.2436841,.004337,.0126476,.0019814,10,.0097994
"Saudi Arabia",1988,1,0,1980,.0023248,.2444782,.0043002,.0125038,.0019814,10,.0095091
"Saudi Arabia",1989,1,0,1980,.0028515,.2500634,.004493,.0131387,.0019814,10,.0114032
"Saudi Arabia",1990,1,0,1990,.0013497,.2703658,-.0037475,.0144463,.0031962,10,.0049922
"Saudi Arabia",1991,1,0,1990,.0013595,.2753439,-.0037351,.0144441,.0031962,10,.0049374
"Saudi Arabia",1992,1,0,1990,.0014647,.2751716,-.0038762,.0149598,.0031962,10,.0053227
"Saudi Arabia",1993,1,0,1990,.0012652,.2601534,-.0037064,.0141666,.0031962,10,.0048633
"Saudi Arabia",1994,1,0,1990,.0012414,.2577761,-.0036958,.0140889,.0031962,10,.0048157
"Saudi Arabia",1995,1,0,1990,.0013082,.2631399,-.0037568,.0143683,.0031962,10,.0049714
"Saudi Arabia",1996,1,0,1990,.0014648,.2755847,-.003892,.0150067,.0031962,10,.0053151
"Saudi Arabia",1997,1,0,1990,.0014106,.2733229,-.0038451,.0147827,.0031962,10,.0051608
"Saudi Arabia",1998,1,0,1990,.0010614,.2465704,-.0035323,.013379,.0031962,10,.0043047
"Saudi Arabia",1999,1,0,1990,.0012443,.2575464,-.0037079,.0141575,.0031962,10,.0048314
"Saudi Arabia",2000,1,0,2000,.0024294,.285568,-.0062388,.015519,.0022213,10,.0085074
"Saudi Arabia",2001,1,0,2000,.0021172,.2706588,-.0062091,.0148804,.0022213,10,.0078224
"Saudi Arabia",2002,1,0,2000,.0021256,.2700725,-.0062193,.0149164,.0022213,10,.0078703
"Saudi Arabia",2003,1,0,2000,.0024194,.2854617,-.0062559,.0155605,.0022213,10,.0084755
"Saudi Arabia",2004,1,0,2000,.0028165,.3070313,-.0062942,.0163616,.0022213,10,.0091733
"Saudi Arabia",2005,1,0,2000,.0035657,.3511106,-.0063515,.0177994,.0022213,10,.0101554
"Saudi Arabia",2006,1,0,2000,.0037685,.3639754,-.0063684,.0181893,.0022213,10,.0103536
"Saudi Arabia",2007,1,0,2000,.0038694,.3685222,-.0063938,.0184074,.0022213,10,.0104997
"Saudi Arabia",2008,1,0,2000,.0046831,.4203291,-.0064464,.0198652,.0022213,10,.0111415
"Saudi Arabia",2009,1,0,2000,.0030209,.3183849,-.0063329,.016826,.0022213,10,.0094882
"United Arab Emirates",1970,1,0,1970,.0117588,.4226429,.0497484,.0202028,.053341,9,.027822
"United Arab Emirates",1971,1,0,1970,.0117824,.4236306,.0497407,.0202114,.053341,9,.0278128
"United Arab Emirates",1972,1,0,1970,.0114567,.4136926,.0494893,.0199814,.053341,9,.0276937
"United Arab Emirates",1973,1,0,1970,.0111181,.4031307,.0492175,.0197388,.053341,9,.0275793
"United Arab Emirates",1974,1,0,1970,.0111687,.4040886,.0492754,.0197784,.053341,9,.0276393
"United Arab Emirates",1975,1,0,1970,.0133977,.4731343,.0510443,.0213667,.053341,9,.028317
"United Arab Emirates",1976,1,0,1970,.0119056,.428723,.0497018,.0202547,.053341,9,.0277699
"United Arab Emirates",1977,1,0,1970,.0099453,.367954,.0482517,.0188874,.053341,9,.0270286
"United Arab Emirates",1978,1,0,1970,.0095656,.3547457,.0478802,.0185872,.053341,9,.0269647
"United Arab Emirates",1979,1,0,1970,.0114303,.4090817,.0495628,.0199763,.053341,9,.0279415
"United Arab Emirates",1980,1,0,1980,.0020396,.4523395,.0076297,.0210102,.0048536,10,.004509
"United Arab Emirates",1981,1,0,1980,.0017847,.3894078,.007355,.0195134,.0048536,10,.0045831
"United Arab Emirates",1982,1,0,1980,.0015512,.3343202,.0070816,.0180145,.0048536,10,.0046398
"United Arab Emirates",1983,1,0,1980,.0014319,.3067984,.006922,.017163,.0048536,10,.0046673
"United Arab Emirates",1984,1,0,1980,.001489,.3164271,.0069725,.017459,.0048536,10,.0047057
"United Arab Emirates",1985,1,0,1980,.0014623,.3163704,.0069708,.0173391,.0048536,10,.0046221
"United Arab Emirates",1986,1,0,1980,.0011031,.2509976,.0065326,.015074,.0048536,10,.0043949
"United Arab Emirates",1987,1,0,1980,.0012186,.2706719,.0066838,.0158145,.0048536,10,.0045023
"United Arab Emirates",1988,1,0,1980,.0011447,.2563889,.0065751,.0152965,.0048536,10,.0044648
"United Arab Emirates",1989,1,0,1980,.001211,.275295,.0067173,.0159004,.0048536,10,.0043989
"United Arab Emirates",1990,1,0,1990,.0015692,.321041,-.004501,.0173261,.0015352,10,.0048879
"United Arab Emirates",1991,1,0,1990,.0014528,.3008069,-.0043845,.0168258,.0015352,10,.0048298
"United Arab Emirates",1992,1,0,1990,.0013727,.2878863,-.0042894,.0164387,.0015352,10,.0047681
"United Arab Emirates",1993,1,0,1990,.001192,.2607151,-.0040343,.0154357,.0015352,10,.0045719
"United Arab Emirates",1994,1,0,1990,.0010942,.2463467,-.0039236,.0148752,.0015352,10,.0044415
"United Arab Emirates",1995,1,0,1990,.0010771,.243635,-.0039056,.0147662,.0015352,10,.0044211
"United Arab Emirates",1996,1,0,1990,.0011216,.2499623,-.0039789,.0150464,.0015352,10,.004487
"United Arab Emirates",1997,1,0,1990,.0010642,.2401809,-.0039472,.0148644,.0015352,10,.0044307
"United Arab Emirates",1998,1,0,1990,.0008696,.2139583,-.0035939,.0136215,.0015352,10,.0040645
"United Arab Emirates",1999,1,0,1990,.0009457,.2231627,-.0037629,.0140994,.0015352,10,.0042376
"United Arab Emirates",2000,1,0,2000,.0005434,.2597807,-.0040554,.0156375,.0023204,10,.0020917
"United Arab Emirates",2001,1,0,2000,.0005341,.2419966,-.0041066,.0149412,.0023204,10,.0022072
"United Arab Emirates",2002,1,0,2000,.0005534,.2281062,-.0041883,.0145107,.0023204,10,.002426
"United Arab Emirates",2003,1,0,2000,.0005664,.2346294,-.0041827,.0148356,.0023204,10,.002414
"United Arab Emirates",2004,1,0,2000,.0005782,.2479346,-.0041431,.0154115,.0023204,10,.0023321
"United Arab Emirates",2005,1,0,2000,.0005814,.2678095,-.0040989,.0159872,.0023204,10,.002171
"United Arab Emirates",2006,1,0,2000,.0006929,.2591673,-.004133,.0157661,.0023204,10,.0026736
"United Arab Emirates",2007,1,0,2000,.0007219,.2546817,-.0041668,.0155937,.0023204,10,.0028346
"United Arab Emirates",2008,1,0,2000,.0007198,.2693968,-.0041402,.0161528,.0023204,10,.0026721
"United Arab Emirates",2009,1,0,2000,.000711,.2608697,-.0041467,.0158349,.0023204,10,.0027255
